ticker,company_name,sector,industry,current_price,market_cap_billions,total_score,growth_score,value_score,quality_score,momentum_score,sentiment_score,sector_score,revenue_growth,earnings_growth,gross_margin,operating_margin,trailing_pe,forward_pe,price_to_sales,price_to_book,peg_ratio,return_on_equity,debt_to_equity,insider_ownership,institutional_ownership,short_percent,target_price,recommendation,num_analysts,beta,average_volume
ZVRA,"Zevra Therapeutics, Inc.",Healthcare,Biotechnology,8.86,0.49879616,77,17,12,18,10,5,15,6.054,,0.80651003,0.15896,18.851063,14.290322,5.9107475,3.7399745,,0.34814,47.097,0.00778,0.72153,0.0713,22.54375,1.25,8.0,1.082,1221156
RGR,"Sturm, Ruger & Company, Inc.",Industrials,Aerospace & Defense,37.05,0.598803264,76,25,10,17,4,5,15,0.536,1.381,0.38257,0.29824,264.64285,19.296875,0.8194523,2.0427854,,0.49620998,0.498,0.14351,0.72111,0.074,44.5,,2.0,,317810
CRMD,CorMedix Inc.,Healthcare,Biotechnology,8.02,0.631888192,74,12,15,19,8,5,15,8.102,,0.94307,0.49241,3.6289594,6.538026,2.9485643,1.6795812,,0.75084996,39.805,0.07078,0.62950003,0.2293,14.85714,1.42857,7.0,1.361,3341685
ISSC,Innovative Solutions and Suppor,Industrials,Aerospace & Defense,19.05,0.33867744,74,22,7,16,4,10,15,0.446,1.197,0.48059,0.36991,21.647726,21.404493,4.0176744,5.1992354,,0.28097,37.365,0.18686001,0.47893003,0.0475,24.0,1.0,4.0,0.668,499311
MDXG,"MiMedx Group, Inc",Healthcare,Biotechnology,5.14,0.761245056,74,17,13,18,6,5,15,0.353,1.138,0.81988,0.19511999,19.037035,42.833332,1.9348344,3.1846344,,0.19443001,7.623,0.01656,0.71889,0.053600002,10.4,1.0,5.0,1.573,952478
NAGE,"Niagen Bioscience, Inc.",Healthcare,Biotechnology,5.99,0.478038752,73,22,10,16,2,8,15,0.329,1.5,0.63894004,0.124639995,24.958332,23.96,3.8332338,6.7760177,,0.38896,4.323,0.34002,0.41447,0.1099,15.8,,5.0,2.347,857651
INVA,"Innoviva, Inc.",Healthcare,Biotechnology,19.75,1.476689024,72,19,14,18,4,2,15,0.204,54.789,0.84540004,0.35323003,11.897591,9.705159,3.800796,1.4620965,,0.15174,32.005,0.01011,1.06744,0.104499996,32.5,,4.0,0.445,837785
RIGL,"Rigel Pharmaceuticals, Inc.",Healthcare,Biotechnology,35.16,0.63820128,70,14,10,19,10,2,15,0.256,1.086,0.83091,0.40914002,5.680129,9.457384,2.2625153,5.424252,,2.20058,51.765,0.02658,0.85302,0.2094,51.6,1.8,5.0,1.107,604003
HRMY,"Harmony Biosciences Holdings, I",Healthcare,Biotechnology,36.86,2.123001856,69,14,10,20,6,4,15,0.287,0.101,0.77698,0.27348,11.62776,6.8506904,2.5703945,2.542069,,0.25934,20.324,0.12137,0.90596,0.22729999,46.45455,1.63636,11.0,0.836,760778
NRDS,"NerdWallet, Inc.",Communication Services,Internet Content & Information,12.4,0.94240128,69,16,12,19,8,5,9,0.124,268.627,0.91597,0.15993,13.191489,8.37306,1.1854104,2.3026924,,0.20226,3.554,0.039219998,0.78353995,0.0805,16.16667,,6.0,1.437,802555
TGTX,"TG Therapeutics, Inc.",Healthcare,Biotechnology,30.0,4.762783744,69,20,6,18,6,4,15,0.928,120.5,0.85341,0.18159,10.830325,16.900076,8.954318,7.048872,,1.11956,41.919,0.07232,0.65050006,0.22469999,44.85714,1.66667,7.0,1.864,2046696
BYRN,"Byrna Technologies, Inc.",Industrials,Aerospace & Defense,14.22,0.323156832,68,17,11,16,2,7,15,0.351,1.25,0.61316,0.1016,21.22388,29.020409,2.9151835,5.1114306,,0.29709998,3.852,0.20854999,0.65976995,0.2274,39.7,,5.0,2.301,412081
SLDE,"Slide Insurance Holdings, Inc.",Financial Services,Insurance - Property & Casualty,16.76,2.10333696,68,17,12,19,6,10,4,0.328,4.267,0.62418,0.55675,5.7006803,5.788492,2.0082521,2.1595156,,0.52287,4.672,0.44233,0.30219,0.0479,23.0,2.0,5.0,,1077260
CPRX,"Catalyst Pharmaceuticals, Inc.",Healthcare,Biotechnology,24.58,3.021186304,67,14,11,20,4,3,15,0.153,0.2,0.83133006,0.44657,14.374269,9.499737,5.2251945,3.2922583,,0.27519,0.314,0.06145,0.86405,0.090900004,34.57143,1.0,7.0,0.719,1319353
TASK,"TaskUs, Inc.",Technology,Information Technology Services,10.78,0.974701952,67,19,14,12,2,8,12,0.17,1.429,0.40289003,0.13762,12.25,6.850577,0.85139227,1.7171073,,0.15403,54.21,0.24871999,0.75482005,0.0856,15.9,3.0,5.0,2.123,307471
TXO,"TXO Partners, L.P.",Energy,Oil & Gas E&P,11.99,0.65686368,67,22,15,9,2,10,9,0.468,14.368,0.52031,0.03727,29.974998,23.98,1.8025303,0.8921794,,0.024820002,36.823,0.24781999,0.30995,0.0219,19.0,1.0,3.0,0.054,269385
EGAN,eGain Corporation,Technology,Software - Application,10.37,0.28052048,66,11,11,17,6,9,12,0.078,4.0,0.71613,0.12051,8.570248,28.805553,3.1120532,3.3408504,,0.4943,4.061,0.4102,0.50785,0.0615,15.16667,2.33333,3.0,0.817,383270
RAMP,"LiveRamp Holdings, Inc.",Technology,Software - Infrastructure,24.19,1.586995072,66,16,15,12,4,4,15,0.077,15.076,0.70359004,0.10722999,41.706898,9.37597,2.0377781,1.6436775,,0.040960003,3.532,0.036140002,0.96365,0.038,40.375,,8.0,1.118,568565
EVER,"EverQuote, Inc.",Communication Services,Internet Content & Information,22.72,0.829572032,65,19,11,17,4,5,9,0.203,0.613,0.96843004,0.100839995,15.777777,9.1001215,1.2868445,4.6700926,,0.36812,1.638,0.12819,0.88752997,0.0857,34.2,,5.0,0.457,451866
RITM,Rithm Capital Corp.,Real Estate,REIT - Mortgage,11.92,6.606024192,65,22,12,12,8,7,4,0.458,0.773,1.0,0.25119,8.164383,5.286922,1.6675849,0.9294347,,0.110369995,370.212,0.00435,0.54368997,0.015,14.5,1.4,8.0,1.22,6770900
PRGS,Progress Software Corporation,Technology,Software - Infrastructure,39.71,1.703859584,64,19,13,13,2,2,15,0.175,21.357,0.85033,0.17191,23.921686,6.6654577,1.7424889,3.5144703,,0.15948,298.927,0.01894,1.14394,0.1514,65.5,1.33333,6.0,0.606,634806
VITL,"Vital Farms, Inc.",Consumer Defensive,Farm Products,28.13,1.2595072,64,22,13,14,6,5,4,0.372,1.25,0.37805998,0.10757,21.310604,16.498533,1.7692665,3.8023791,,0.20712,16.992,0.20678,0.99833,0.3545,49.45455,1.16667,11.0,1.108,1842780
AVPT,"AvePoint, Inc.",Technology,Software - Infrastructure,11.92,2.57220864,63,14,8,12,6,8,15,0.236,5.0,0.74505997,0.100889996,,30.465675,6.5285645,5.428051,,0.0067299996,4.058,0.2942,0.69388,0.061100002,19.01792,1.57143,13.0,1.092,1952350
BKV,BKV Corporation,Energy,Oil & Gas E&P,30.25,2.933413376,63,22,9,14,2,7,9,0.492,4.0,0.54271,0.41307,63.020836,14.473685,3.5663517,1.5141655,,0.027209999,27.744,0.69588995,0.23746,0.1458,31.0,1.11111,9.0,,877141
III,"Information Services Group, Inc",Technology,Information Technology Services,5.59,0.269412672,63,16,10,8,8,9,12,0.018,2.0,0.42238998,0.07357,29.421053,15.74648,1.116556,2.8303797,,0.10216,72.351,0.2755,0.68657994,0.0176,7.16667,1.5,3.0,1.042,301943
KROS,"Keros Therapeutics, Inc.",Healthcare,Biotechnology,17.99,0.548084544,63,17,14,9,6,2,15,35.758,,0.37191,-1.07867,11.532051,-6.1160727,2.221502,1.0389235,,0.10425,2.477,0.036340002,1.07981,0.1487,23.5,,8.0,0.9,808996
PAY,"Paymentus Holdings, Inc.",Technology,Software - Infrastructure,27.48,3.446775296,63,20,9,9,6,4,15,0.342,0.273,0.24768,0.06392,58.468082,36.259514,3.0667279,6.413069,,0.118090004,1.369,0.04296,0.94945,0.0355,39.42857,,7.0,1.493,744703
BSY,"Bentley Systems, Incorporated",Technology,Software - Application,35.07,10.648337408,62,14,7,14,6,9,12,0.12,0.344,0.81274,0.23074,42.76829,26.120764,7.2932873,9.221667,,0.24120001,107.353,0.44957,0.47425997,0.069,53.71429,1.875,14.0,1.214,2110278
LPG,Dorian LPG Ltd.,Energy,Oil & Gas Midstream,29.74,1.274005504,62,22,9,13,2,7,9,0.466,4.909,0.61452997,0.49196997,13.396396,10.398602,3.5486784,1.1945214,,0.0881,65.49,0.14299,0.65529996,0.0509,33.25,1.25,4.0,0.739,501368
NPB,"Northpointe Bancshares, Inc.",Financial Services,Banks - Regional,17.52,0.602068864,62,25,12,9,2,10,4,0.551,0.527,0.0,0.48624,8.303318,5.7068405,2.5125883,1.068749,,0.16172001,,0.32019,0.50891995,0.0222,21.16667,2.33333,3.0,,333360
OPRX,OptimizeRx Corporation,Healthcare,Health Information Services,10.82,0.201691856,62,11,15,11,8,8,9,0.223,,0.65309995,0.07864,1082.0,12.539693,1.8418338,1.645377,,0.00029,23.399,0.15538,0.75304,0.092700005,24.33333,,6.0,1.087,275083
TLS,Telos Corporation,Technology,Software - Infrastructure,5.59,0.41228672,62,12,13,7,6,9,15,1.163,,0.43206,-0.04797,,58.842106,2.8551712,3.3735669,,-0.23732,7.184,0.28819,0.66275,0.027,8.7,,5.0,0.951,970043
ABX,"Abacus Global Management, Inc.",Financial Services,Insurance - Life,8.05,0.786910528,61,17,14,12,6,8,4,1.237,,0.87516,0.35591,161.0,8.131313,4.003592,1.8098022,,0.03176,94.287,0.61691004,0.30778998,0.4404,13.5,1.4,5.0,-0.104,675611
HIPO,Hippo Holdings Inc.,Financial Services,Insurance - Property & Casualty,30.5,0.772723008,61,11,14,14,8,10,4,0.262,,0.49155998,0.06385,8.090186,-762.5,1.7171623,1.8333734,,0.27541,12.622,0.22838,0.50272,0.025,39.66667,2.25,3.0,1.579,200670
OPFI,OppFi Inc.,Financial Services,Credit Services,9.72,0.848615616,61,19,11,15,8,4,4,0.183,2.664,1.0,0.51287997,138.85715,5.586207,2.5299864,5.488425,,0.48949,120.018,0.05683,0.73477,0.1595,15.16667,2.0,3.0,1.712,563990
PACS,"PACS Group, Inc.",Healthcare,Medical Care Facilities,34.18,5.303967232,61,22,8,7,4,8,12,0.31,2.2,0.14936,0.06416,32.552383,16.772003,1.032133,6.1441665,,0.21749,416.688,0.71936,0.29556,0.0939,44.2,1.4,5.0,,1699166
PAYO,Payoneer Global Inc.,Technology,Software - Infrastructure,6.43,2.316828928,61,14,10,10,8,4,15,0.47,,0.84082,-0.03012,35.72222,22.2276,2.2281058,4.493361,,0.09791,2.806,0.025039999,0.96910006,0.0398,8.375,1.4,8.0,1.0,3451305
RELY,"Remitly Global, Inc.",Technology,Software - Infrastructure,13.41,2.803305984,61,19,12,10,2,3,15,0.247,3.093,0.59459,0.02807,149.0,13.415769,1.814596,3.5215335,,0.0294,4.452,0.0561,0.91333,0.0635,19.85714,1.25,7.0,0.108,3778976
SSTK,"Shutterstock, Inc.",Communication Services,Internet Content & Information,19.8,0.703302912,61,8,14,14,8,8,9,0.038,-0.26,0.5864,0.15215,11.785714,4.744413,0.68950593,1.1827251,,0.107559994,51.566,0.31739,0.67361,0.0645,27.56667,,3.0,1.264,244593
STOK,"Stoke Therapeutics, Inc.",Healthcare,Biotechnology,31.07,1.774629888,61,17,5,14,8,2,15,1.172,,1.0,-4.05295,45.691177,-9.906735,8.630125,5.5581393,,0.15019,1.552,0.040599998,1.21463,0.2339,39.625,1.1,8.0,1.106,952076
AGNC,AGNC Investment Corp.,Real Estate,REIT - Mortgage,11.97,13.257972736,60,25,7,14,4,6,4,5.461,7.759,1.0,0.95879,8.142858,7.971816,7.377837,1.2717807,,0.15076,688.679,0.00483,0.38787997,0.0586,11.77778,2.5,9.0,1.348,19970641
APLS,"Apellis Pharmaceuticals, Inc.",Healthcare,Biotechnology,23.05,2.916406016,60,17,9,11,6,2,15,1.33,,0.59529,0.48668,64.02777,-17.73077,2.869357,7.269,,0.14096,118.497,0.13598,1.03638,0.1884,33.94737,1.95455,19.0,0.298,2710760
DT,"Dynatrace, Inc.",Technology,Software - Application,37.86,11.415026688,60,17,8,17,4,2,12,0.181,0.286,0.81838995,0.14776,22.67066,20.520102,6.1618514,4.1120887,,0.20569,3.125,0.00471,1.04222,0.0344,58.80645,1.6,31.0,0.845,3897386
FLYW,Flywire Corporation - Voting,Technology,Software - Infrastructure,12.91,1.579026432,60,6,14,13,8,4,15,0.276,-0.233,0.62583,0.15766,,14.775901,2.7083063,1.9013255,,-0.00291,1.959,0.03387,0.95521003,0.042,17.19231,2.13333,13.0,1.284,1429158
GEN,Gen Digital Inc.,Technology,Software - Infrastructure,23.9,14.739514368,60,11,9,15,4,6,15,0.253,-0.192,0.7932,0.36475,26.263735,8.364862,3.295219,6.002009,,0.25027,356.98,0.09307,0.88087,0.0378,32.85,2.09091,10.0,1.084,4838123
MITK,"Mitek Systems, Inc.",Technology,Software - Application,10.05,0.459710656,60,8,14,11,10,5,12,0.036,-0.782,0.85093004,0.10574,52.894737,9.136364,2.5583398,1.908832,,0.03866,66.381,0.024249999,0.77718,0.051599998,13.75,1.6,4.0,1.085,582621
PATH,"UiPath, Inc.",Technology,Software - Infrastructure,13.25,7.085433344,60,11,9,13,8,4,15,0.159,,0.83384,0.03179,31.54762,17.45396,4.562091,3.6805556,,0.12562001,4.261,0.07654,0.70919997,0.1559,16.4,,15.0,1.079,23914183
YEXT,"Yext, Inc.",Technology,Software - Infrastructure,7.3,0.899628672,60,8,10,13,6,8,15,0.114,,0.75529,-0.26917,Infinity,12.30344,2.009598,5.7844696,,0.16743,60.892,0.08698,0.77408,0.042,9.83333,,3.0,0.959,876885
CNX,CNX Resources Corporation,Energy,Oil & Gas E&P,37.6,5.427252736,59,22,10,14,2,2,9,0.347,2.25,0.71489996,0.53599,9.447236,8.63917,2.8112586,1.2414566,,0.06982,67.511,0.048270002,1.02543,0.1774,35.78571,3.33333,14.0,0.628,1967500
DOCS,"Doximity, Inc.",Healthcare,Health Information Services,38.63,7.27291904,59,17,6,20,6,1,9,0.232,0.409,0.90204,0.38546002,30.904001,22.386806,11.705423,6.63176,,0.24605,1.029,0.02301,0.91497004,0.062800005,63.57143,1.85714,21.0,1.391,2623260
GTM,ZoomInfo Technologies Inc.,Technology,Software - Application,8.19,2.60958592,59,16,14,9,6,2,12,0.047,0.79,0.87365997,0.22704001,26.419353,7.3946996,2.1053536,1.6789668,,0.06508,102.071,0.11658,0.98964995,0.1105,12.26316,,19.0,1.067,5010485
HRTG,"Heritage Insurance Holdings, In",Financial Services,Insurance - Property & Casualty,26.44,0.820104576,59,11,14,17,6,7,4,0.003,5.13,0.35707,0.33026,5.47412,6.125092,0.9736756,1.7669073,,0.41645,23.25,0.20503001,0.64563006,0.0559,35.5,2.0,2.0,0.981,374966
NTCT,"NetScout Systems, Inc.",Technology,Software - Infrastructure,27.6,1.992545408,59,16,10,12,2,4,15,0.146,1.77,0.79213,0.14971,21.904762,11.069533,2.3094747,1.2661132,,0.059070002,2.767,0.03793,0.95699996,0.0388,30.42333,2.33333,3.0,0.622,507065
NUVB,Nuvation Bio Inc.,Healthcare,Biotechnology,5.34,1.830730624,59,12,6,9,10,7,15,17.047,,0.54258,-4.30137,,9.709091,68.44364,5.6151423,,-0.52494,17.659,0.19048999,0.66313004,0.22790001,11.88889,1.4,9.0,1.55,7816373
PRTH,"Priority Technology Holdings, I",Technology,Software - Infrastructure,5.91,0.48386096,59,16,10,6,4,8,15,0.063,3.857,0.38414,0.16262,11.150944,4.8944097,0.5186366,-4.3842726,,,,0.64457,0.20903999,0.0659,10.2,,5.0,1.371,561923
PRVA,"Privia Health Group, Inc.",Healthcare,Health Information Services,22.87,2.813044992,59,22,12,6,8,2,9,0.325,0.692,0.10170999,0.02481,163.35715,21.863827,1.3772093,3.9629183,,0.0344,0.817,0.06656,0.98463994,0.0375,31.25,1.42857,20.0,0.832,739086
SKYT,"SkyWater Technology, Inc.",Technology,Semiconductors,32.96,1.602702592,59,25,4,7,0,8,15,0.607,97.333,0.23277001,0.07258,12.628353,-117.016365,4.6242433,8.291824,,0.97293,105.917,0.27772,0.47131002,0.13520001,35.0,3.0,5.0,3.487,2519873
STGW,Stagwell Inc.,Communication Services,Advertising Agencies,6.07,1.570327168,59,16,12,4,10,8,9,0.045,2.0,0.36173,0.06464,86.71429,5.7196703,0.5433162,2.0611207,,0.03846,232.406,0.60132,0.41484,0.10569999,8.25,1.625,7.0,1.507,2912701
TTGT,"TechTarget, Inc.",Technology,Information Technology Services,5.34,0.385323232,59,12,15,9,2,9,12,0.945,,0.60708,-0.057129998,,6.5121956,0.8629589,0.64430505,,-2.75316,22.808,0.59744,0.39032,0.08140001,12.33333,,3.0,0.991,391025
XZO,"Exzeo Group, Inc.",Financial Services,Insurance - Diversified,21.0,1.906291584,59,25,4,15,6,5,4,0.92,3.167,1.0,0.50391,26.25,22.105263,9.048753,22.1519,,,9.582,0.86267,0.01031,0.0061000003,26.0,1.33333,2.0,,280347
YOU,"Clear Secure, Inc.",Technology,Software - Application,32.92,4.438521856,59,14,6,17,8,2,12,0.155,0.166,0.6359,0.22955,19.831326,17.618315,5.123551,21.615232,,1.3726,68.476,0.07287,1.0172,0.2555,39.375,2.25,8.0,1.19,1538733
AROC,"Archrock, Inc.",Energy,Oil & Gas Equipment & Services,29.17,5.1155328,58,22,7,13,4,3,9,0.309,0.799,0.64004,0.38647,19.31788,15.17311,3.5545244,3.599013,,0.19556,180.817,0.02708,1.00186,0.0525,31.55556,1.375,9.0,0.917,1588415
ASTH,Astrana Health Inc.,Healthcare,Medical Care Facilities,22.41,1.1239872,58,17,15,1,4,9,12,0.997,-0.977,0.10253,0.030869998,117.94737,10.049327,0.38805655,1.427025,,0.018339999,195.997,0.22118,0.55385,0.0856,36.88889,1.45455,9.0,0.869,566800
ATEN,"A10 Networks, Inc.",Technology,Software - Infrastructure,17.71,1.27782272,58,8,9,14,10,2,15,0.119,-0.003,0.79662,0.17399,25.666666,18.749271,4.4929523,6.1557174,,0.23884001,110.969,0.01303,0.99561,0.1033,23.16667,1.71429,6.0,1.221,681940
DCTH,"Delcath Systems, Inc.",Healthcare,Medical Devices,9.91,0.349958944,58,17,12,10,2,5,12,0.836,-0.667,0.86291003,-0.01887,330.33334,43.849556,4.3963037,3.0464187,,0.01941,0.84,0.0273,0.52429,0.1279,22.33333,1.16667,6.0,0.39,660793
IRDM,Iridium Communications Inc,Communication Services,Telecom Services,20.9,2.217780992,58,16,10,15,4,4,9,0.067,0.681,0.71299005,0.30883,18.495575,18.017242,2.544173,4.859335,,0.22589001,401.744,0.12527001,0.90685,0.1511,28.125,1.88889,8.0,0.554,2389525
LC,LendingClub Corporation,Financial Services,Banks - Regional,16.44,1.896666112,58,19,14,9,8,4,4,0.158,1.868,0.29764,0.16373,14.172415,7.0834594,1.4633617,1.2963256,,0.074039996,1.308,0.028770002,0.83766997,0.037100002,24.2,1.5,10.0,2.087,1801036
OSPN,OneSpan Inc.,Technology,Software - Infrastructure,11.65,0.446481856,58,3,14,19,4,3,15,0.014,-0.19,0.74036,0.16165,7.818792,8.204226,1.8492762,1.855391,,0.26864,3.682,0.02242,1.02368,0.053400002,16.5,,4.0,1.498,609683
ACEL,"Accel Entertainment, Inc.",Consumer Cyclical,Gambling,11.29,0.951676992,57,16,12,6,10,9,4,0.091,1.673,0.31028,0.07692,22.58,12.928566,0.72812235,3.540295,,0.18233,222.201,0.17085,0.74662,0.026099999,15.16667,1.5,6.0,1.082,408876
AIOT,"PowerFleet, Inc.",Technology,Software - Infrastructure,5.2,0.695888,57,9,15,10,6,2,15,0.45,,0.54622,0.056550004,,16.377953,1.63405,1.4755958,,-0.08979,61.459,0.06222,0.87793,0.1122,10.66667,,6.0,1.333,1229616
BGC,"BGC Group, Inc.",Financial Services,Capital Markets,8.95,4.251713792,57,22,11,8,10,2,4,0.312,0.887,0.90985,0.04472,27.12121,6.6791043,1.6099585,4.4066963,,0.14556,177.866,0.00868,0.85593003,0.038399998,14.5,1.5,2.0,1.068,2568880
BULL,Webull Corporation,Technology,Software - Application,7.34,3.68333568,57,12,10,14,2,7,12,0.545,-0.995,0.77425003,0.2059,,40.77778,7.154923,3.6884422,,0.03664,11.286,0.21649,0.56541,0.0573,16.5,1.0,2.0,-0.104,15078276
CARG,"CarGurus, Inc.",Consumer Cyclical,Auto & Truck Dealerships,33.01,3.276578816,57,16,6,18,10,3,4,0.032,1.143,0.88504,0.24499,22.304052,13.122222,3.5367987,8.4511,,0.3539,51.475,0.01827,1.09234,0.0848,40.875,2.0,12.0,1.364,889095
CBC,"Central Bancompany, Inc.",Financial Services,Banks - Regional,23.95,5.710707712,57,22,11,7,6,7,4,0.321,0.676,0.0,0.51893,17.230217,12.313624,5.642724,1.4510756,,0.11338,,0.66972,0.21347,,28.9,1.8,5.0,,274555
EE,"Excelerate Energy, Inc.",Energy,Oil & Gas Midstream,36.73,4.188357376,57,20,9,10,6,3,9,1.022,0.229,0.40618,0.22305,25.685316,17.521097,3.5336976,1.739604,,0.08534,66.659,0.01051,1.04829,0.0544,35.75,1.58333,12.0,1.359,379628
GTES,Gates Industrial Corporation pl,Industrials,Specialty Industrial Machinery,23.48,6.064423424,57,16,12,8,8,4,9,0.03,0.724,0.40601003,0.14935,25.802197,14.826602,1.7750918,1.7995094,,0.073020004,63.772,0.017690001,1.05539,0.0467,27.1725,1.75,12.0,1.246,2322723
HAYW,"Hayward Holdings, Inc.",Industrials,Electrical Equipment & Parts,16.3,3.534870528,57,16,7,12,6,4,12,0.074,0.571,0.51311,0.16915001,26.290321,19.259398,3.2139423,2.323261,,0.09523,67.18,0.02177,1.0868801,0.0354,17.85714,2.7,7.0,1.128,1549788
NEWT,"NewtekOne, Inc.",Financial Services,Banks - Regional,14.31,0.413377216,57,17,12,14,4,6,4,0.197,0.493,0.83792,0.56848,6.388393,5.724,1.0867938,1.2206774,,0.1774,194.171,0.06578,0.51342,0.088199995,16.6,,5.0,1.304,264998
OOMA,"Ooma, Inc.",Technology,Software - Application,11.62,0.320255648,57,8,13,10,8,6,12,0.038,,0.60997003,0.02774,145.25,9.149607,1.2125614,3.5633242,,0.02589,16.926,0.067379996,0.71156996,0.0383,18.56,,5.0,1.361,200333
SLM,SLM Corporation,Financial Services,Credit Services,26.92,5.465800704,57,20,9,15,6,3,4,0.678,1.264,1.0,0.66823995,7.780347,8.5774555,3.309185,2.4370813,,0.32305,239.088,0.00961,1.14912,0.0701,31.72727,2.18182,11.0,1.128,2894795
VNDA,Vanda Pharmaceuticals Inc.,Healthcare,Biotechnology,7.78,0.459771808,57,6,15,10,6,5,15,0.181,,0.94435,-0.55608004,,38.9,2.1679783,0.98655844,,-0.16719,2.342,0.07206,0.74687,0.0506,13.625,1.5,4.0,0.605,1704448
XOMA,XOMA Royalty Corporation,Healthcare,Biotechnology,24.97,0.30920608,57,11,10,10,6,5,15,0.299,,0.95128,-0.14222999,33.29333,11.668223,6.564049,3.4976888,,0.22453,124.021,0.01696,0.67788005,0.0887,64.5,,4.0,0.891,348358
ABEO,Abeona Therapeutics Inc.,Healthcare,Biotechnology,5.08,0.275292096,56,5,10,10,10,6,15,,,0.0,-208.0225,4.198347,-72.57143,688.2302,1.5544676,,0.75897,14.078,0.10978,0.68139,0.2719,20.64286,1.0,7.0,1.118,1738336
EVTC,"Evertec, Inc.",Technology,Software - Infrastructure,29.25,1.871527296,56,14,8,11,4,4,15,0.079,0.342,0.49811,0.16507,12.942478,7.798461,2.0716922,2.819549,,0.23636,154.876,0.00829,1.02485,0.048299998,32.8,2.33333,5.0,0.879,483973
MNKD,MannKind Corporation,Healthcare,Biotechnology,5.79,1.777936896,56,11,9,9,6,6,15,0.172,-0.349,0.75177,0.22861,57.899998,39.476376,5.666063,-39.931034,,,,0.01713,0.56961,0.09020001,9.61111,1.11111,9.0,0.811,3717703
MWA,MUELLER WATER PRODUCTS,Industrials,Specialty Industrial Machinery,26.99,4.220160768,56,16,6,15,6,4,9,0.094,4.511,0.36426997,0.20352,22.12295,17.874172,2.9517808,4.2977705,,0.21396999,48.895,0.01789,1.02336,0.037100002,27.66667,2.33333,6.0,1.175,1322538
PGY,Pagaya Technologies Ltd.,Technology,Software - Infrastructure,20.15,1.619978112,56,9,13,6,6,7,15,0.361,,0.42426997,0.22834,,6.3436594,1.3001993,3.6837294,,-0.36315,141.786,0.12465999,0.6322,0.241,39.0,1.4,10.0,5.883,3400568
PRSU,Pursuit Attractions and Hospita,Consumer Cyclical,Travel Services,35.55,1.005470016,56,17,12,10,10,3,4,0.322,0.575,0.25511,0.4362,,26.729322,2.2792382,1.6559529,,-0.01815,23.992,0.019299999,1.07357,0.0754,45.75,1.0,4.0,1.464,251043
PX,"P10, Inc.",Financial Services,Asset Management,10.9,1.199164416,56,16,12,9,6,9,4,0.023,0.746,0.55555,0.3031,83.84615,10.002019,3.9797835,3.474657,,0.04458,106.875,0.25114,0.65806997,0.0452,16.625,2.0,4.0,0.785,499655
TCMD,"Tactile Systems Technology, Inc",Healthcare,Medical Devices,28.58,0.638350912,56,19,8,12,2,3,12,0.173,0.714,0.7496,0.12784,37.605263,30.243387,2.049195,3.114647,,0.08801,8.163,0.02706,1.0084,0.0953,29.75,,4.0,0.915,482900
ADT,ADT Inc.,Industrials,Security & Protection Services,8.08,6.626251264,55,11,12,14,6,3,9,0.044,0.247,0.80921,0.25651,11.068493,8.541948,1.2959973,1.7955556,,0.17245,216.34,0.0164,1.03267,0.0705,9.48,,5.0,0.953,6309688
CRGY,Crescent Energy Company,Energy,Oil & Gas E&P,9.58,3.145903104,55,6,14,8,10,8,9,0.163,,0.57267,0.12438,,7.5308547,0.87629026,0.5456513,,-0.0027200002,72.039,0.14535,0.63332003,0.097399995,13.0,1.5,14.0,1.203,5940388
CXW,"CoreCivic, Inc.",Industrials,Security & Protection Services,18.75,2.00737408,55,17,15,4,6,4,9,0.181,0.263,0.23733,0.093389995,18.75,12.096774,0.96206707,1.3437006,,0.07414,72.762,0.020650001,0.91699,0.0299,29.875,1.0,4.0,0.692,1030101
DFDV,DeFi Development Corp.,Financial Services,Asset Management,5.17,0.154545776,55,17,10,19,0,5,4,6.472,,0.98274004,16.00951,1.4441341,-15.666666,20.533115,0.5877672,,0.56663,54.023,0.28116,0.22393,0.2251,14.0,,2.0,-6.938,1755683
EFC,Ellington Financial Inc.,Real Estate,REIT - Mortgage,13.5,1.682761856,55,19,9,10,6,7,4,0.252,0.566,1.0,0.5182,10.227272,7.2784915,5.1021385,0.9986685,,0.09283,870.863,0.02595,0.43741,0.038,14.625,1.75,8.0,0.94,1706561
EIC,Eagle Point Income Company Inc.,Financial Services,Asset Management,11.32,0.300143008,55,19,11,14,0,7,4,0.294,6.883,1.00065,0.81452006,8.84375,7.303226,5.064645,0.796566,,0.09,53.986,0.16455,0.10398,0.0064,14.0,,3.0,0.215,241121
HDSN,"Hudson Technologies, Inc.",Basic Materials,Specialty Chemicals,7.14,0.311291136,55,14,14,9,6,8,4,0.195,0.588,0.2716,0.18872999,14.0,16.044943,1.3143132,1.1706837,,0.08748,2.082,0.114209995,0.79371,0.026700001,9.625,,4.0,0.862,379535
HLMN,Hillman Solutions Corp.,Industrials,Tools & Accessories,9.48,1.87361984,55,16,12,8,6,4,9,0.08,2.097,0.48762,0.10865,49.894733,15.917522,1.219291,1.5214251,,0.031089999,63.748,0.00858,1.03461,0.0277,12.2125,,8.0,1.642,1069486
HNRG,Hallador Energy Company,Energy,Thermal Coal,18.19,0.85528384,55,17,10,8,4,7,9,0.396,14.077,0.28678,0.18199,,29.181974,1.8547081,5.3515744,,-0.74704003,36.414,0.13203,0.67222,0.0687,26.66667,,3.0,0.255,581150
HTGC,"Hercules Capital, Inc.",Financial Services,Asset Management,18.68,3.394493696,55,16,7,16,6,6,4,0.103,0.506,1.0,0.83817,10.735632,9.230891,6.567695,1.531273,,0.15357,98.989,0.01733,0.2871,0.0293,20.91667,1.55556,9.0,0.783,1161670
LEVI,Levi Strauss & Co,Consumer Cyclical,Apparel Manufacturing,20.54,8.027639808,55,16,12,11,10,2,4,0.07,9.604,0.61383,0.11682,16.301588,12.465862,1.2182657,3.7116013,,0.25888002,106.196,0.066929996,0.87113,0.100600004,27.14286,1.64286,14.0,1.329,1951418
LTH,"Life Time Group Holdings, Inc.",Consumer Cyclical,Leisure,29.34,6.46982912,55,16,12,8,10,5,4,0.129,1.368,0.47377998,0.16344,22.921875,18.346903,2.2206824,2.1646748,,0.10378,138.312,0.12583,0.84944,0.0573,40.36364,1.36364,11.0,1.678,2146245
MGNI,"Magnite, Inc.",Communication Services,Advertising Agencies,15.02,2.15759104,55,16,12,8,8,2,9,0.108,2.522,0.62296003,0.13951,37.55,14.373207,3.07102,2.6702223,,0.07559,77.383,0.013459999,0.98498,0.108100004,26.85714,1.42857,14.0,2.349,2607271
VCEL,Vericel Corporation,Healthcare,Biotechnology,36.5,1.845951872,55,11,8,11,8,2,15,0.166,,0.73814005,0.05111,140.38461,62.931038,7.1350236,5.732684,,0.04516,30.655,0.0105,1.07165,0.1112,55.0,1.25,6.0,1.178,614151
VCYT,"Veracyte, Inc.",Healthcare,Diagnostics & Research,38.74,3.062365184,55,14,7,14,8,3,9,0.138,0.263,0.70606005,0.17525999,101.94737,25.29596,6.1848345,2.4344876,,0.02491,3.217,0.00414,1.14482,0.073,47.66667,1.75,9.0,1.877,912848
VNT,Vontier Corporation,Technology,Scientific & Technical Instruments,37.43,5.490980864,55,11,8,11,10,3,12,0.003,0.167,0.47337002,0.18924,13.761029,10.976862,1.8039296,4.418605,,0.35584,172.189,0.00558,1.02052,0.0513,45.77091,1.91667,11.0,1.28,1129861
ADMA,ADMA Biologics Inc,Healthcare,Biotechnology,17.01,4.059108608,54,8,7,19,2,3,15,0.12,-0.0,0.54708,0.38005,19.77907,18.095745,8.308329,9.402986,,0.63174,19.278,0.0257,0.93512,0.0959,25.66667,,3.0,0.464,2881345
CAI,"Caris Life Sciences, Inc.",Healthcare,Biotechnology,25.2,7.110102528,54,12,5,10,2,10,15,1.134,,0.60179,0.15054,,115.72905,10.954427,14.858491,,,89.208,0.48463002,0.47832,0.0454,37.88889,1.33333,9.0,,2258616
DAKT,"Daktronics, Inc.",Technology,Electronic Components,22.46,1.094875904,54,16,12,7,4,6,9,0.1,0.571,0.2685,0.094060004,187.16666,18.561981,1.4213943,3.6753395,,0.026400002,3.799,0.10722,0.72293,0.0317,30.0,,2.0,1.723,437826
DX,"Dynex Capital, Inc.",Real Estate,REIT - Mortgage,14.57,2.907960832,54,20,7,14,4,5,4,2.348,0.926,1.0,0.91763,5.898785,10.52221,7.8147254,1.0819039,,0.17497,564.917,0.00455,0.28318,0.0502,15.1,1.83333,5.0,0.96,5416933
FBRT,"Franklin BSP Realty Trust, Inc.",Real Estate,REIT - Mortgage,10.42,0.857303936,54,17,13,9,4,7,4,0.66,-0.601,0.96175003,0.18672001,13.025,7.7185183,3.556525,0.7120891,,0.05864,263.62,0.00107,0.56544995,0.0372,14.375,,4.0,1.133,734816
GDYN,"Grid Dynamics Holdings, Inc.",Technology,Information Technology Services,8.17,0.692858496,54,11,15,8,2,6,12,0.191,-0.8,0.35289,0.00677,48.058823,17.530685,1.7067372,1.2870195,,0.02961,2.538,0.22216,0.82003,0.0623,12.5,,5.0,0.815,1025496
GLXY,Galaxy Digital Inc.,Financial Services,Capital Markets,29.96,12.1002752,54,17,13,10,6,4,4,2.354,,1.0,0.98873,53.5,-528.6748,0.51000166,3.0484328,,0.04355,142.86,0.02792,0.76342005,,47.81818,1.42857,11.0,3.879,7409080
GRDN,"Guardian Pharmacy Services, Inc",Healthcare,Medical Care Facilities,30.68,1.942693248,54,11,5,11,6,9,12,0.2,,0.1974,0.044770002,45.117645,27.27111,1.3979851,10.57202,,0.24004,20.107,0.37915,0.57845,0.0591,35.0,1.25,4.0,,311760
INDV,Indivior PLC,Healthcare,Drug Manufacturers - Specialty & Generic,34.71,4.339597824,54,16,8,10,6,5,9,0.023,1.063,0.83814,0.36943,35.418365,11.61981,3.6776252,-20.960144,,,,0.0372,0.78416,0.0943,45.57143,1.28571,7.0,1.105,2469261
NPKI,NPK International Inc.,Energy,Oil & Gas Equipment & Services,13.83,1.168561664,54,17,9,11,4,4,9,0.557,,0.36597002,0.13157,36.394737,25.61111,4.50535,3.499494,,0.10231,5.747,0.04059,0.90760005,0.0161,16.75,,4.0,1.246,737465
NSSC,"NAPCO Security Technologies, In",Industrials,Security & Protection Services,38.3,1.365943552,54,11,4,19,8,3,9,0.117,0.133,0.56162,0.27748,31.13821,25.704697,7.3128796,7.756176,,0.25026,3.007,0.05607,0.91214997,0.0789,48.83333,,6.0,1.51,357228
ORC,"Orchid Island Capital, Inc.",Real Estate,REIT - Mortgage,8.27,1.516270976,54,25,5,10,6,4,4,2.591,1.209,0.95311,0.92981005,15.903848,6.778689,18.909187,1.128702,,0.07022,737.502,0.0012899999,0.30032,0.0675,7.5,,1.0,1.675,6058543
OSBC,"Old Second Bancorp, Inc.",Financial Services,Banks - Regional,19.98,1.052331072,54,20,11,7,6,6,4,0.323,0.286,0.0,0.44798002,12.333333,8.808242,3.3799734,1.1734993,,0.10245,,0.047280002,0.7017,0.0219,23.83333,1.66667,6.0,0.82,315501
PNTG,"The Pennant Group, Inc.",Healthcare,Medical Care Facilities,27.34,0.94579232,54,11,12,5,10,4,12,0.268,-0.15,0.20391001,0.04448,36.453335,20.87023,1.1162769,2.9556756,,0.11283,90.031,0.04753,0.94162005,0.0298,37.5,1.14286,6.0,1.281,277583
SAFE,Safehold Inc. New,Real Estate,REIT - Diversified,13.96,1.001718464,54,16,14,10,2,8,4,0.056,0.511,0.98874,0.81365997,8.89172,8.267252,2.510774,0.41908076,,0.0476,186.721,0.22547,0.73884004,0.053600002,19.63636,2.36364,11.0,1.817,475971
SM,SM Energy Company,Energy,Oil & Gas E&P,18.87,2.161637632,54,6,15,18,4,2,9,0.267,-0.354,0.76992995,0.31666002,2.9810429,5.8759236,0.68262106,0.45864424,,0.16577,58.251,0.016180001,1.02544,0.1001,30.75,2.15385,12.0,1.07,3301478
VRRM,Verra Mobility Corporation,Technology,Information Technology Services,19.59,3.12586752,54,17,8,11,2,4,12,0.161,0.381,0.59809,0.2856,57.617645,14.424033,3.3158069,7.7522755,,0.11486,264.602,0.00851,1.0265499,0.04,28.71429,1.625,7.0,0.6,1447981
WAY,Waystar Holding Corp.,Healthcare,Health Information Services,26.71,5.110065664,54,16,14,12,2,1,9,0.119,4.667,0.67777,0.2242,41.092308,16.363613,4.9142714,1.4476963,,0.03543,38.967,0.01911,1.07166,0.0747,46.90476,1.31818,21.0,,2071928
WYFI,"WhiteFiber, Inc.",Technology,Software - Application,22.02,0.842484928,54,12,10,9,6,5,12,0.643,,0.61059,-0.71874,,-54.370373,12.000862,1.751372,,,8.597,0.71546,0.19872999,0.1499,34.625,1.25,8.0,,1155620
AMPH,"Amphastar Pharmaceuticals, Inc.",Healthcare,Drug Manufacturers - Specialty & Generic,26.15,1.215846272,53,8,12,11,6,7,9,0.003,-0.526,0.49362,0.2524,11.570796,7.3466616,1.6809592,1.5603555,,0.14840001,84.554,0.24295999,0.73903,0.1683,31.57143,,7.0,0.892,395370
ARLP,"Alliance Resource Partners, L.P",Energy,Thermal Coal,24.27,3.116948224,53,8,12,11,6,7,9,-0.069,0.11,0.31923,0.18107,12.84127,9.067237,1.3856859,1.7198129,,0.13363,25.753,0.29313,0.1737,0.0126,31.0,1.0,3.0,0.291,319625
BETA,"Beta Technologies, Inc.",Industrials,Aerospace & Defense,23.0,5.463227392,53,12,5,10,2,9,15,1.909,,0.75716,-9.03499,,-12.507478,188.90828,-0.66610676,,,25.739,0.39798,0.26773,0.013099999,37.625,1.5,8.0,,1245700
CGNX,Cognex Corporation,Technology,Scientific & Technical Instruments,39.09,6.551407616,53,11,5,13,10,2,12,0.18,-0.412,0.67649,0.20862,60.138466,34.580982,6.7421775,4.3965807,,0.07206,5.298,0.00282,1.03687,0.0431,48.05,1.90476,20.0,1.519,1752326
CNOB,"ConnectOne Bancorp, Inc.",Financial Services,Banks - Regional,27.61,1.388039936,53,25,9,5,4,6,4,0.875,0.915,0.0,0.56709,16.93865,7.523161,4.690021,0.9702699,,0.04413,,0.05198,0.74803,0.0358,31.2,,5.0,1.121,273075
CON,Concentra Group Holdings Parent,Healthcare,Medical Care Facilities,21.6,2.768492544,53,11,9,9,6,6,12,0.17,0.026,0.2836,0.16878,18.46154,14.594595,1.3250319,7.1808515,,0.44832,521.996,0.1071,0.90141,0.0348,28.42857,1.28571,7.0,,966131
DNOW,DNOW Inc.,Industrials,Industrial Distribution,15.07,2.79791872,53,16,10,7,6,5,9,0.046,0.905,0.22985001,0.05836,17.321838,14.352382,1.15046,1.3388416,,0.08337,4.219,0.014140001,0.63568,0.045500003,17.0,1.0,2.0,0.758,2516221
IIIV,"i3 Verticals, Inc.",Technology,Software - Infrastructure,21.8,0.858329216,53,8,14,10,4,2,15,0.07,-0.995,0.68762,0.00062,155.71428,17.723576,4.0267277,1.342034,,0.010880001,0.925,0.022720002,1.34399,0.3058,34.16667,,6.0,1.016,287210
IMMR,Immersion Corporation,Technology,Software - Application,6.73,0.221259584,53,0,15,14,6,6,12,,,0.74814004,0.04072,3.738889,12.236363,1.3563142,0.68311,,0.19552,56.886,0.15928,0.51133996,0.1118,13.5,,1.0,0.809,502568
INR,"Infinity Natural Resources, Inc",Energy,Oil & Gas E&P,16.08,0.251324816,53,6,12,15,6,5,9,0.151,,0.74526,0.49109,,5.608376,0.81472,0.8707896,,-0.031059999,8.534,0.11755,0.97912,0.066599995,20.55556,1.125,9.0,,328558
LOB,"Live Oak Bancshares, Inc.",Financial Services,Banks - Regional,39.5,1.818279808,53,25,9,5,2,8,4,0.617,3.479,0.0,0.43623,17.713005,9.518072,3.781953,1.5761541,,0.09359,,0.23347001,0.66863,0.0644,45.25,2.4,4.0,2.027,324136
MARA,"MARA Holdings, Inc.",Financial Services,Capital Markets,9.86,3.728897536,53,17,14,14,0,4,4,0.917,,0.44869998,0.31454,3.8365757,-36.518517,4.056796,0.7236697,,0.23066,70.386,0.0054699997,0.77856004,0.3575,20.65909,,11.0,5.365,42032181
MAX,"MediaAlpha, Inc.",Communication Services,Internet Content & Information,10.24,0.6718976,53,14,10,2,8,10,9,0.183,0.529,0.15289,0.065,,7.5488944,0.5982564,-19.57935,,,,0.39878,0.53951,0.0475,15.92857,,7.0,1.211,510743
MD,"Pediatrix Medical Group, Inc.",Healthcare,Medical Care Facilities,21.0,1.828768,53,13,10,10,4,4,12,-0.036,2.652,0.25812998,0.15015,10.994764,9.603687,0.95127344,1.983752,,0.19984,72.111,0.021300001,1.00207,0.0498,22.66667,,6.0,0.739,927448
ORI,Old Republic International Corp,Financial Services,Insurance - Property & Casualty,39.09,9.672820736,53,14,10,15,6,4,4,0.193,0.973,0.63034,0.11744001,10.508064,11.22202,1.058724,1.6233389,,0.16314,26.818,0.07722,0.77523005,0.0304,42.5,2.33333,2.0,0.814,1792788
PANL,Pangaea Logistics Solutions Ltd,Industrials,Marine Shipping,8.48,0.553251392,53,16,12,4,2,10,9,0.102,0.727,0.17990999,0.098500006,28.266665,7.5489836,0.9293096,1.3151364,,0.04013,82.189,0.5388,0.37363,0.0135,10.41667,1.0,3.0,0.772,436721
PGNY,"Progyny, Inc.",Healthcare,Healthcare Plans,24.12,2.079425152,53,14,10,9,8,3,9,0.093,0.364,0.22940001,0.0687,38.90323,12.263887,1.6390345,3.6841302,,0.11372,5.027,0.07674,1.04241,0.0588,30.90909,1.54545,11.0,0.936,1584885
PLAB,"Photronics, Inc.",Technology,Semiconductor Equipment & Materials,35.28,2.083800448,53,8,12,13,4,1,15,-0.031,0.984,0.35303003,0.24149,15.473684,15.8918915,2.4535677,1.732554,,0.12361,0.373,0.03982,0.94293,0.0686,42.0,,1.0,1.518,1352803
RIOT,"Riot Platforms, Inc.",Financial Services,Capital Markets,16.97,6.309568,53,17,12,12,6,2,4,1.126,,0.39548,0.28362,32.634617,-27.81967,9.902612,1.796908,,0.052449998,24.876,0.06268,0.69263,0.1523,26.83789,1.26316,19.0,3.676,19429973
RYN,Rayonier Inc. REIT,Real Estate,REIT - Specialty,22.6,3.684482304,53,15,12,15,4,3,4,0.431,0.45,0.38918,0.27452,8.692308,46.58161,2.8487434,1.526099,,0.19227,45.621,0.00848,0.89788,0.05,26.66667,2.5,6.0,0.987,1747980
SARO,"StandardAero, Inc.",Industrials,Aerospace & Defense,31.18,10.377665536,53,19,8,4,4,3,15,0.204,2.348,0.14968,0.08928,55.678574,25.987665,1.7672818,4.034679,,0.09854999,99.393,0.0042,1.05452,0.0696,36.25,1.81818,12.0,,2481525
XERS,"Xeris Biopharma Holdings, Inc.",Healthcare,Biotechnology,7.24,1.201291776,53,9,9,7,8,5,15,0.371,,0.84556997,0.09049,,23.020666,4.5138097,-1448.0,,,,0.03862,0.59705,0.10569999,11.14286,1.42857,7.0,0.94,2442068
ZETA,Zeta Global Holdings Corp.,Technology,Software - Infrastructure,19.47,4.78799104,53,6,10,9,10,3,15,0.257,,0.60836,0.04518,,20.119871,3.909512,6.718426,,-0.039189998,30.196,0.02795,0.83766,0.0953,30.25,1.57143,12.0,1.268,7654388
ACAD,ACADIA Pharmaceuticals Inc.,Healthcare,Biotechnology,25.7,4.34797312,52,11,7,16,2,1,15,0.113,1.128,0.58997,0.12833,16.580647,31.62649,4.1523237,4.7390747,,0.34952,5.975,0.00543,1.01649,0.0774,30.84211,2.0,19.0,0.681,1437153
AOSL,Alpha and Omega Semiconductor L,Technology,Semiconductors,22.5,0.676382656,52,9,10,6,4,8,15,0.449,,0.22865999,0.12612,,99.263245,0.97073185,0.810694,,-0.111719996,39.038,0.16564,0.73533994,0.081599995,24.33333,2.33333,3.0,1.961,362518
CLSK,"CleanSpark, Inc.",Financial Services,Capital Markets,12.59,3.219897088,52,12,14,12,6,4,4,1.505,,0.55227,-1.84064,11.241072,23.314814,4.201799,1.6457516,,0.1852,37.963,0.03403,0.79363996,0.4516,23.07692,1.30769,13.0,3.482,31517423
CTRE,"CareTrust REIT, Inc.",Real Estate,REIT - Healthcare Facilities,37.08,8.279976448,52,25,3,15,2,3,4,0.712,0.674,0.96266,0.66236,27.264708,22.203594,19.324158,2.0679271,,0.08071,22.249,0.00467,1.0303501,0.0713,41.45455,1.36364,11.0,0.772,1836260
DEC,Diversified Energy Company,Energy,Oil & Gas Integrated,13.14,1.012383744,52,12,15,6,6,4,9,1.117,,0.54495,0.10479999,,6.3021584,0.88153565,1.4268651,,-0.21422,379.369,0.05963,0.75448996,,20.58333,1.33333,6.0,0.568,583630
DLX,Deluxe Corporation,Industrials,Conglomerates,27.12,1.220607872,52,16,10,8,6,3,9,0.022,2.717,0.52331,0.14929,14.502674,6.1357465,0.57615906,1.8369006,,0.12983,226.159,0.01978,0.89289004,0.0876,29.66667,2.0,3.0,1.345,372396
FDMT,"4D Molecular Therapeutics, Inc.",Healthcare,Biotechnology,8.97,0.512501632,52,12,10,5,6,4,15,29.0,,0.0,-655.3889,,-2.5787423,4270.847,1.1370263,,-0.45378,6.034,0.03615,0.79905,0.1714,33.11111,1.54545,9.0,2.983,954040
MNR,Mach Natural Resources LP,Energy,Oil & Gas E&P,11.73,1.975599616,52,8,15,8,2,10,9,0.12,,0.61724997,-0.080860004,12.478723,9.556008,2.0658634,1.0043668,,0.066750005,59.332,0.266,0.62792,0.0198,19.4,1.28571,5.0,-0.271,392601
ORRF,"Orrstown Financial Services, In",Financial Services,Banks - Regional,35.41,0.690750208,52,16,12,7,6,7,4,0.08,0.563,0.0,0.4707,8.4712925,8.154288,2.7402132,1.167722,,0.14592,,0.045029998,0.58801997,0.0159,40.8,1.6,5.0,0.809,261368
PRDO,Perdoceo Education Corporation,Consumer Defensive,Education & Training Services,31.77,2.063568896,52,11,12,18,6,1,4,0.248,0.053,0.80093,0.24052,13.635194,11.428058,2.544826,2.0479598,,0.16141,12.176,0.01263,0.99031997,0.0588,42.0,,1.0,0.908,712433
PTRN,Pattern Group Inc. - Series A,Technology,Software - Application,15.96,3.158921984,52,9,10,7,6,8,12,0.456,,0.43452,-0.09408,,25.741936,1.3772311,5.1919327,,,5.728,0.6989,0.23865,0.0791,21.66667,1.2,9.0,,853191
RCAT,"Red Cat Holdings, Inc.",Industrials,Aerospace & Defense,14.93,1.782211072,52,12,5,5,8,7,15,6.464,,-0.38542,-1.8173699,,-49.766666,239.41765,6.9668694,,,8.852,0.117460005,0.40749002,0.2158,19.5,1.25,4.0,1.198,10559986
RRC,Range Resources Corporation,Energy,Oil & Gas E&P,37.45,8.920256512,52,19,7,13,4,0,9,0.161,1.898,0.48490003,0.33048,15.735293,10.700948,3.0849864,2.1108105,,0.14217,32.665,0.01181,1.00558,0.1176,40.54167,2.64,24.0,0.516,3054120
SLP,"Simulations Plus, Inc.",Healthcare,Health Information Services,17.71,0.356796032,52,8,11,10,6,8,9,-0.027,2.0,0.59604,0.03871,,16.629107,4.5350046,2.8071008,,-0.4121,0.438,0.17255,0.78594,0.0798,24.66667,2.14286,3.0,1.095,361930
UNIT,Uniti Group Inc.,Real Estate,REIT - Specialty,7.52,1.851361024,52,25,8,4,8,3,4,1.473,60.534,0.64522004,-0.05895,1.059155,-10.59155,1.149466,2.5850809,,,1450.47,0.021879999,0.88955003,0.099700004,7.47778,2.77778,9.0,1.461,2540063
VVV,Valvoline Inc.,Consumer Cyclical,Auto & Truck Dealerships,32.56,4.14299904,52,17,7,12,10,2,4,0.281,0.403,0.38502,0.26228002,19.497007,16.358274,2.4223814,12.226812,,0.81969,,0.0029300002,1.14748,0.1193,39.13333,1.66667,15.0,1.188,2349900
WLTH,Wealthfront Corporation,Technology,Software - Application,8.84,1.327064192,52,6,12,15,0,7,12,0.161,-0.025,0.89482003,0.33722,,11.89243,3.7750342,3.062002,,,3.223,0.22580999,0.012560001,0.0254,16.16667,2.14286,6.0,,1831556
AMPL,"Amplitude, Inc.",Technology,Software - Application,9.37,1.252639488,51,6,10,10,8,5,12,0.177,,0.73964,-0.28962,,80.525955,3.7968092,4.7781744,,-0.37474,1.443,0.03659,0.77661,0.0544,15.5,1.63636,10.0,1.496,1400696
ATEC,"Alphatec Holdings, Inc.",Healthcare,Medical Devices,14.85,2.205970432,51,9,9,4,10,7,12,0.304,,0.69227,-0.0479,,74.18324,3.030096,190.38461,,-5.4040504,1683.765,0.20989999,0.74101996,0.13520001,24.38462,1.46154,13.0,1.017,2902778
ATRC,"AtriCure, Inc.",Healthcare,Medical Instruments & Supplies,36.95,1.837042688,51,6,11,11,8,3,12,0.158,,0.74871004,0.00155,,-282.06107,3.5443275,3.854982,,-0.06112,16.103,0.03194,1.0004001,0.052199997,52.77778,,9.0,1.406,524790
CTKB,"Cytek Biosciences, Inc.",Healthcare,Medical Devices,5.01,0.640602816,51,3,11,9,8,8,12,0.015,,0.53461,-0.17578,,-334.00003,3.2546325,1.6919961,,-0.03356,6.558,0.09276,0.63415,0.064899996,6.0,,4.0,1.303,1303173
CXM,"Sprinklr, Inc.",Technology,Software - Application,6.35,1.56645696,51,8,13,16,0,2,12,0.092,-0.75,0.6872,0.05515,15.487804,13.379124,1.8667253,2.7973568,,0.21349001,8.679,0.069520004,0.94961,0.1716,10.5,2.55556,8.0,0.773,1809366
DSP,Viant Technology Inc.,Technology,Software - Application,12.49,0.791558528,51,8,9,8,8,6,12,0.071,-0.333,0.45898998,0.049439996,124.899994,18.057743,2.4420943,8.91506,,0.04239,8.757,0.03874,0.61817,0.059499998,17.6,1.3,10.0,1.031,243943
ENPH,"Enphase Energy, Inc.",Technology,Solar,38.25,5.005384192,51,16,5,9,6,0,15,0.078,0.517,0.31934,0.16433,26.19863,18.105139,3.3096142,5.030247,,0.20305,123.979,0.03383,0.9546,0.3013,39.46724,2.72727,29.0,1.348,6603018
FTK,"Flotek Industries, Inc.",Energy,Oil & Gas Equipment & Services,18.55,0.557572608,51,11,6,13,4,8,9,0.126,5.625,0.25812998,0.16543,20.163042,21.569767,2.5286627,5.0094514,,0.29095,48.826,0.53086,0.39101002,0.1893,19.0,,4.0,1.451,353381
IDN,"Intellicheck, Inc.",Technology,Software - Application,6.01,0.121431504,51,11,9,6,6,7,12,0.277,,0.90331,0.03957,601.00006,66.77778,5.527654,6.4209404,,0.011729999,,0.05688,0.45801997,0.0114,8.0,,4.0,1.137,386260
KN,Knowles Corporation,Technology,Electronic Components,24.57,2.11025856,51,16,7,11,4,4,9,0.073,66.374,0.43870997,0.17201,61.425,20.09816,3.6796136,2.7828743,,0.04682,26.31,0.02007,1.06846,0.0372,26.5,,4.0,1.503,704881
LAW,"CS Disco, Inc.",Technology,Software - Application,6.34,0.396196704,51,3,12,10,6,8,12,0.128,,0.74634004,-0.18180001,,-57.636364,2.5949993,3.033493,,-0.41002,5.82,0.089829996,0.78198,0.017,8.5,,4.0,2.103,215140
PBYI,Puma Biotechnology Inc,Healthcare,Biotechnology,6.43,0.324014816,51,0,8,18,4,6,15,-0.324,-0.585,0.76908994,0.17573,8.689189,11.690908,1.5284078,2.8103144,,0.39685002,35.614,0.15387,0.71713996,0.0833,5.0,3.0,1.0,1.175,489736
QBTS,D-Wave Quantum Inc.,Technology,Computer Hardware,23.22,8.65119744,51,12,5,10,10,5,9,0.999,,0.82816005,-7.41803,,-105.94515,358.31665,11.981424,,-1.22029,5.934,0.014199999,0.50036997,0.135,39.16933,1.4,15.0,1.557,36286280
SD,"SandRidge Energy, Inc.",Energy,Oil & Gas E&P,15.67,0.576244544,51,9,9,17,0,7,9,0.325,-0.373,0.70369005,0.38534,8.75419,9.272189,3.6955335,1.1684438,,0.14085001,0.27,0.15021,0.60546,0.056599997,17.0,,1.0,0.475,338840
SEPN,"Septerna, Inc.",Healthcare,Biotechnology,23.8,1.065625728,51,12,7,10,4,3,15,121.131,,1.0,-0.45992002,,-28.377249,48.338657,2.7331188,,-0.22383,6.202,0.031489998,1.00937,0.0747,33.85714,1.125,7.0,,309596
SHLS,"Shoals Technologies Group, Inc.",Technology,Solar,10.02,1.677232,51,14,7,11,4,0,15,0.329,,0.36816,0.18778999,52.736847,20.313831,3.8646522,2.844167,,0.05863,28.194,0.00915,1.17665,0.107200004,9.95,2.04762,20.0,1.702,4415948
SPRU,Spruce Power Holding Corporatio,Technology,Solar,6.12,0.111193448,51,9,10,9,4,4,15,0.437,,0.61652,0.27493998,,-7.948052,1.0294737,0.8904408,,-0.17415,544.239,0.0671,0.33635,0.0554,,,,1.264,367283
SSRM,SSR Mining Inc.,Basic Materials,Gold,26.82,5.467173888,51,22,9,11,0,5,4,0.499,4.881,0.46523997,0.24812001,26.038836,6.739286,3.8202624,1.6346681,,0.04665,8.869,0.00641,0.73070997,0.055,28.0,2.3,5.0,0.465,2943448
TNXP,Tonix Pharmaceuticals Holding C,Healthcare,Biotechnology,18.22,0.232998624,51,11,10,5,6,4,15,0.166,,0.34314,-10.05076,0.06526957,-2.1186044,22.623423,0.80151325,,-0.64986,0.184,0.00031,0.23659,0.1698,66.33333,1.0,3.0,1.792,603641
USAC,"USA Compression Partners, LP",Energy,Oil & Gas Equipment & Services,25.8,3.16528512,51,16,4,9,4,9,9,0.043,1.037,0.67851996,0.35105,31.85185,17.94508,3.192398,-21.078432,,,,0.53582,0.40646,0.0537,26.6,3.0,5.0,0.204,268123
ACRE,Ares Commercial Real Estate Cor,Real Estate,REIT - Mortgage,5.19,0.285587296,50,12,9,10,8,7,4,0.773,,1.0,0.38631,,35.540646,3.253555,0.5470068,,-0.014199999,155.455,0.05796,0.44184,0.0363,4.75,3.375,4.0,1.296,539005
AEVA,"Aeva Technologies, Inc.",Technology,Software - Infrastructure,13.25,0.796058752,50,12,5,5,6,7,15,0.591,,-0.18536,-9.26544,,-7.371349,52.53126,23.916967,,-1.9234599,18.436,0.2308,0.71889997,0.3222,24.11,1.4,5.0,2.078,2956651
AM,Antero Midstream Corporation,Energy,Oil & Gas Midstream,18.72,8.955853824,50,11,3,15,2,10,9,0.087,0.16,0.81293,0.57813,19.10204,15.117377,7.1671433,4.3213296,,0.22522,145.682,0.30563,0.58327997,0.0301,19.0,3.375,7.0,0.773,2581850
ANGI,Angi Inc.,Communication Services,Internet Content & Information,13.15,0.583099456,50,5,15,11,6,4,9,-0.105,-0.671,0.94858,0.081999995,18.013699,5.8979983,0.5513234,0.5779204,,0.03423,54.027,0.10099,0.99637,0.1566,20.85714,2.25,7.0,1.711,1069235
ARQT,"Arcutis Biotherapeutics, Inc.",Healthcare,Biotechnology,25.73,3.151724032,50,12,4,9,8,2,15,1.217,,0.89962995,0.085930005,,54.57862,9.913296,19.58143,,-0.28168,71.976,0.01671,1.08009,0.1527,31.75,1.5,8.0,1.719,2062375
CBZ,"CBIZ, Inc.",Industrials,Specialty Business Services,38.57,2.098262912,50,17,15,2,4,3,9,0.581,-0.314,0.14637,0.113199994,31.614754,10.030582,0.7842194,1.0958321,,0.07439,104.722,0.10034,0.95425004,0.0937,67.5,2.0,2.0,0.925,684161
CEVA,"CEVA, Inc.",Technology,Semiconductors,22.17,0.598984704,50,3,13,10,6,3,15,0.043,,0.87167,-0.07342,,34.505836,5.5703964,1.9814103,,-0.04219,1.406,0.03026,0.85151,0.0784,31.4,1.4,5.0,1.436,549658
DVAX,Dynavax Technologies Corporatio,Healthcare,Drug Manufacturers - Specialty & Generic,15.48,1.817738496,50,14,11,12,2,2,9,0.177,0.693,0.61601,0.24765,,46.90909,5.4997325,3.4014502,,-0.07141,54.148,0.00753,1.0066,0.1229,22.0,,3.0,0.892,3077753
EMBC,Embecta Corp.,Healthcare,Medical Instruments & Supplies,10.3,0.60988352,50,13,10,8,4,3,12,-0.077,0.827,0.63273,0.24847999,6.3580246,3.5093699,0.5644979,-0.92609245,,,,0.014630001,0.9999,0.0771,16.66667,,3.0,1.068,619780
EPRT,Essential Properties Realty Tru,Real Estate,REIT - Retail,30.05,5.970886656,50,14,7,14,10,1,4,0.237,0.198,0.98686,0.64729,24.039999,22.114613,11.243317,1.5520091,,0.06841,69.394,0.00535,1.14332,0.0747,36.0,1.35,20.0,1.009,1782185
EVCM,EverCommerce Inc.,Technology,Software - Infrastructure,11.79,2.137276416,50,8,8,8,8,3,15,0.053,,0.67585,0.11022,Infinity,16.50544,2.9765506,2.913269,,-0.00122,74.666,0.07722,0.92766,0.0647,12.125,2.33333,8.0,1.037,271323
GRND,Grindr Inc.,Technology,Software - Application,11.58,2.223101184,50,14,9,10,0,5,12,0.296,0.778,0.74507004,0.39080003,,19.62712,5.4018426,30.077923,,-1.71538,399.188,0.84691,0.19204001,0.12529999,21.75,,4.0,0.229,1488585
IBTA,"Ibotta, Inc.",Technology,Software - Application,21.1,0.560897216,50,0,14,16,0,8,12,-0.156,-0.902,0.80891,0.03322,6.918033,17.30359,1.5923587,1.7347693,,0.22825001,7.736,0.46959,0.5629,0.35720003,28.0,,7.0,,400501
LZ,"LegalZoom.com, Inc.",Industrials,Specialty Business Services,9.11,1.642071808,50,8,9,14,8,2,9,0.128,-0.583,0.65688,0.03461,75.916664,13.340557,2.2571962,8.097777,,0.16961001,7.268,0.044159997,0.91522,0.1086,12.35714,,7.0,1.227,2118723
NAVN,"Navan, Inc.",Technology,Software - Application,12.66,3.147833856,50,6,12,10,2,8,12,0.29,,0.70684,-0.40647998,,-26.753448,4.7960486,2.5820925,,,20.863,0.27489,0.38167998,0.1034,24.41667,1.33333,12.0,,1960746
NMIH,NMI Holdings Inc,Financial Services,Insurance - Specialty,38.8,3.009875712,50,8,11,19,4,4,4,0.076,0.061,0.78077006,0.73208,8.100208,7.598918,4.348224,1.1894543,,0.16173,16.92,0.01953,0.9943,0.024300002,45.14286,,7.0,0.659,432745
NTNX,"Nutanix, Inc.",Technology,Software - Infrastructure,39.46,10.669981696,50,16,9,7,0,3,15,0.135,1.038,0.87027,0.07357,51.92105,18.197664,4.0763288,-15.975708,,,,0.0040599997,0.94929004,0.0529,66.00286,2.05882,14.0,0.49,4351763
QNST,"QuinStreet, Inc.",Communication Services,Advertising Agencies,13.5,0.766146304,50,19,13,6,0,3,9,0.293,1.426,0.099429995,0.0336,75.0,9.375,0.6962783,3.1395347,,0.045479998,2.891,0.04837,0.93417,0.0661,22.0,,4.0,0.699,576033
RDW,Redwire Corporation,Industrials,Aerospace & Defense,12.81,2.115581568,50,12,5,5,8,5,15,0.507,,0.03042,-0.39801997,,-33.71053,7.1436872,2.1421406,,-0.39848998,22.155,0.01377,0.62109,0.1832,13.11111,1.7,9.0,2.45,17285785
SEMR,"SEMrush Holdings, Inc.",Technology,Software - Application,11.91,1.796677248,50,6,5,10,8,9,12,0.151,,0.80866,-0.04006,,28.470345,4.1917033,6.126543,,-0.01874,4.671,0.44994998,0.59518003,0.0505,12.0,,3.0,1.552,2845215
TBCH,Turtle Beach Corporation,Technology,Consumer Electronics,12.13,0.240254496,50,5,13,10,6,7,9,-0.147,-0.5,0.37173998,0.072620004,13.629214,10.862654,0.6919533,2.116559,,0.17188999,87.376,0.21897,0.67582,0.19469999,19.0,,6.0,2.15,253126
TILE,"Interface, Inc.",Consumer Cyclical,"Furnishings, Fixtures & Appliances",31.58,1.84397568,50,16,10,13,4,3,4,0.059,0.625,0.38243,0.14498,16.447918,15.607934,1.3435444,2.96972,,0.20218,64.142,0.02273,1.04283,0.060300004,36.33333,1.5,3.0,1.906,373851
VIA,"Via Transportation, Inc.",Technology,Software - Application,23.87,1.933250816,50,9,12,7,2,8,12,0.316,,0.3975,-0.17228001,,409.85577,4.7486954,3.3065524,,,7.225,0.35592997,0.24534,0.057800002,47.0,1.36364,10.0,,479810
ALMU,"Aeluma, Inc.",Technology,Semiconductors,17.17,0.30661952,49,12,4,9,4,5,15,1.879,,0.59239,-1.16101,,-70.081635,55.058273,7.494544,,-0.17767,2.888,0.26247,0.20653,0.1178,25.5,,2.0,-1.828,367311
ARDT,"Ardent Health, Inc.",Healthcare,Medical Care Facilities,8.24,1.179866496,49,3,15,9,2,8,12,0.088,,0.57944,0.01044,5.5675673,6.09071,0.18652396,0.9527112,,0.19662,139.966,0.23114,0.7433,0.0868,13.06667,1.92308,12.0,,570516
BBNX,"Beta Bionics, Inc.",Healthcare,Medical Devices,14.79,0.651124288,49,12,10,9,4,2,12,0.631,,0.54513,-0.62536,,-8.674486,7.351522,2.2074628,,-0.47519,2.608,0.00629,1.10947,0.1421,30.45455,1.63636,11.0,,1021841
BRZE,"Braze, Inc.",Technology,Software - Application,21.81,2.447419904,49,6,10,9,6,6,12,0.255,,0.68125,-0.19410999,,34.23217,3.5295322,4.038141,,-0.21933001,13.935,0.17617,0.76744,0.057600003,46.2,1.3,20.0,1.08,2009950
CARS,Cars.com Inc.,Communication Services,Internet Content & Information,11.66,0.716454464,49,8,14,8,6,4,9,0.011,-0.571,0.67070997,0.09255,25.347826,5.234098,0.9953978,1.4737108,,0.061139997,98.487,0.10524999,1.05341,0.1735,16.78571,2.14286,7.0,1.449,774020
CART,Maplebear Inc.,Consumer Cyclical,Internet Retail,37.08,9.768291328,49,11,12,18,2,2,4,0.102,0.211,0.74456,0.17891,20.373627,9.457953,2.6887672,2.8470516,,0.15326999,1.013,0.104119994,0.85608,0.1277,50.22222,2.24242,27.0,0.978,5557275
CBLL,"CeriBell, Inc.",Healthcare,Medical Devices,20.43,0.757864896,49,9,7,10,6,5,12,0.314,,0.87991995,-0.64841,,-13.982712,9.151521,4.6127796,,-0.59781,13.008,0.10508,0.82407,0.0654,28.14286,1.125,7.0,,469138
CHYM,"Chime Financial, Inc.",Technology,Software - Application,24.88,9.319499776,49,6,9,12,6,4,12,0.288,,0.87753,0.059510004,,31.776846,4.5117116,6.4539557,,,9.545,0.116969995,0.83189005,0.0323,32.625,1.82353,16.0,,3964426
CION,CION Investment Corporation,Financial Services,Asset Management,9.33,0.485969888,49,14,10,10,4,7,4,0.32,,1.0,0.77656,19.040815,7.0681815,1.9841741,0.6277333,,0.0322,139.613,0.00583,0.38291,0.0053,10.66667,,3.0,1.046,378488
EVLV,"Evolv Technologies Holdings, In",Industrials,Security & Protection Services,6.36,1.110567808,49,12,7,8,8,5,9,0.566,,0.53656,-0.20061001,,-136.27599,8.135969,10.816327,,-0.51674,41.473,0.06325,0.70155996,0.0714,9.875,1.0,4.0,1.845,2782946
FLOC,Flowco Holdings Inc.,Energy,Oil & Gas Equipment & Services,20.56,1.913863552,49,0,14,13,6,7,9,-0.066,-0.842,0.53483003,0.19681999,11.173913,15.17276,2.5569353,1.5659989,,0.09922,20.032,0.21246,0.79882,,26.875,1.375,8.0,,286305
GBTG,"Global Business Travel Group, I",Consumer Cyclical,Travel Services,7.0,3.705616896,49,8,13,8,6,10,4,0.129,,0.61025,0.07864,700.0,16.35858,1.4722356,2.4079807,,0.01061,99.804,0.56525004,0.4121,0.0497,10.85714,1.28571,7.0,0.728,1578968
GLUE,"Monte Rosa Therapeutics, Inc.",Healthcare,Biotechnology,21.36,1.628545408,49,14,8,5,4,3,15,0.385,,0.28076,-2.58263,66.75,-15.462799,8.970824,5.368183,,0.09283,16.339,0.00806,0.93526,0.090900004,33.8,,5.0,1.605,1591756
HCSG,"Healthcare Services Group, Inc.",Healthcare,Medical Care Facilities,18.62,1.34832512,49,16,10,7,0,4,12,0.085,2.105,0.12494001,0.09877,34.481483,19.422743,0.7456301,2.6531775,,0.080699995,2.794,0.012460001,1.0779,0.045500003,21.5,,4.0,0.719,681128
HSTM,"HealthStream, Inc.",Healthcare,Health Information Services,21.96,0.651512256,49,8,14,11,0,7,9,0.046,0.062,0.65348,0.098950006,32.294117,26.142857,2.1819627,1.8648098,,0.05874,4.379,0.18823999,0.73596,0.0467,32.5,,2.0,0.425,230110
KDK,"Kodiak AI, Inc.",Technology,Software - Infrastructure,9.36,1.69610112,49,12,5,5,4,8,15,0.925,,1.0,-38.92078,,-14.299245,103.10645,-7.458167,,,1076.752,0.42806998,0.30354,,15.9,,5.0,-0.408,782105
MXL,"MaxLinear, Inc",Technology,Semiconductors,19.27,1.683674496,49,12,7,8,4,3,15,0.559,,0.56334996,-0.23743,,18.229807,3.9768207,3.6228616,,-0.35165,31.236,0.06549,0.87501997,0.0958,20.75,2.27273,10.0,1.77,1169448
NMRK,"Newmark Group, Inc.",Real Estate,Real Estate Services,17.71,4.470280704,49,19,10,6,6,4,4,0.259,1.479,1.0,0.04975,31.070175,9.512759,1.4142958,2.3144276,,0.08712,163.039,0.04834,0.75355005,0.1565,21.0,1.85714,6.0,1.921,1105700
OWLT,"Owlet, Inc.",Healthcare,Medical Devices,12.78,0.352904608,49,9,8,5,8,7,12,0.446,,0.52056,0.03801,,-53.999237,3.5417964,-3.895154,,,,0.053239997,0.53528,0.0226,17.0,1.0,4.0,1.712,287371
PAHC,Phibro Animal Health Corporatio,Healthcare,Drug Manufacturers - Specialty & Generic,39.89,1.616885632,49,22,6,7,2,3,9,0.397,2.824,0.31652,0.13424,23.886229,13.215348,1.1551856,5.1879306,,0.23786,252.99,0.0066000004,0.98515,0.0624,43.0,,4.0,0.782,279313
PECO,"Phillips Edison & Company, Inc.",Real Estate,REIT - Retail,35.98,4.987295232,49,16,7,12,6,4,4,0.104,1.076,0.71199,0.28407,54.51515,53.146233,7.0067835,1.9857608,,0.03511,92.464,0.00564,0.86652,0.0295,40.0,2.0,13.0,0.515,882960
PFS,"Provident Financial Services, I",Financial Services,Banks - Regional,22.22,2.902429184,49,19,9,7,4,6,4,0.152,0.721,0.0,0.54457,9.964126,8.57915,3.3483644,1.0244352,,0.10715,,0.02476,0.73460996,0.0385,24.25,1.5,4.0,0.849,873150
PMT,PennyMac Mortgage Investment Tr,Real Estate,REIT - Mortgage,13.51,1.175594368,49,13,10,9,8,5,4,-0.189,0.541,0.77895,0.21798,14.684783,7.920316,2.0819693,0.8787564,,0.06396,868.491,0.00984,0.71099997,0.0622,13.5,2.77778,7.0,1.26,1012236
RSI,"Rush Street Interactive, Inc.",Consumer Cyclical,Gambling,17.78,4.080203776,49,17,8,7,10,3,4,0.888,,0.35121,-0.09923001,68.38462,32.497444,3.8358521,20.4603,,0.26502,,0.07693,0.97638,0.0648,23.42857,1.625,7.0,1.576,1440510
SDGR,"Schrodinger, Inc.",Healthcare,Health Information Services,14.32,1.054878528,49,12,12,8,6,2,9,0.539,,0.58163,-0.84580004,,-11.642276,4.105368,3.2813933,,-0.45666,34.711,0.02582,1.08539,0.26139998,25.0,1.6,10.0,1.54,988643
SGHT,"Sight Sciences, Inc.",Healthcare,Medical Devices,6.15,0.325161152,49,0,10,9,8,10,12,-0.012,,0.86044997,-0.25646,,-10.284969,4.275511,5.020408,,-0.5791,63.284,0.20531,0.4971,0.030199999,9.35,2.0,6.0,2.413,275313
SIGA,SIGA Technologies Inc.,Healthcare,Drug Manufacturers - Specialty & Generic,6.81,0.487672992,49,5,8,14,6,7,9,-0.738,,0.65686995,-3.9017498,6.6116505,4.509934,2.8311987,2.3970432,,0.39938,0.449,0.43233,0.49315,0.0725,,,,0.993,383810
SPRY,"ARS Pharmaceuticals, Inc.",Healthcare,Biotechnology,10.22,1.010232832,49,12,8,5,4,5,15,14.716,,0.80459,-1.6366299,,-6.9405775,7.075847,6.8406963,,-0.45916,115.001,0.16826001,0.87087995,0.33330002,28.0,1.0,6.0,0.739,1951358
STAA,STAAR Surgical Company,Healthcare,Medical Instruments & Supplies,18.94,0.934991168,49,3,9,15,8,2,12,0.069,-0.105,0.73864996,0.25867,,51.42128,4.05476,2.6422992,,-0.24649,11.057,0.00492,1.08953,0.1426,23.36111,3.0,9.0,1.006,1354581
TVTX,"Travere Therapeutics, Inc.",Healthcare,Biotechnology,31.99,2.862219776,49,12,6,6,8,2,15,1.621,,0.49396,0.15123,,16.862225,6.5673456,38.917274,,-4.10777,448.248,0.0074199997,1.18376,0.1729,42.07143,1.33333,14.0,0.854,2284820
UPBD,"Upbound Group, Inc.",Technology,Software - Application,18.6,1.077046656,49,8,15,6,4,4,12,0.09,-0.6,0.47911,0.066539995,12.739726,4.0012307,0.23527376,1.5671076,,0.13006,266.65,0.0934,0.9454,0.1271,28.57143,1.42857,7.0,1.863,770858
VTS,"Vitesse Energy, Inc.",Energy,Oil & Gas E&P,20.71,0.80093088,49,6,11,11,4,8,9,0.156,,0.74266,0.01289,40.60784,47.06818,3.2273607,1.2935665,,0.03569,17.532,0.16128999,0.5527,0.1584,25.25,2.0,4.0,0.627,407236
WBI,WaterBridge Infrastructure LLC,Energy,Oil & Gas Equipment & Services,22.51,0.97389184,49,9,12,10,4,5,9,0.372,,0.57769,0.2226,,75.648605,1.328102,1.6025915,,,92.657,0.09601,0.89214,0.053400002,28.0,,10.0,,502360
WSR,Whitestone REIT,Real Estate,REIT - Retail,14.09,0.72793344,49,11,9,11,6,8,4,0.063,1.333,0.69578004,0.34405997,16.38372,29.476988,4.6133637,1.6357093,,0.10341,144.706,0.12893,0.66503,0.0152,15.375,1.625,8.0,0.81,216245
ZYME,Zymeworks Inc.,Healthcare,Biotechnology,22.38,1.704245504,49,12,6,5,8,3,15,0.726,,-0.062069997,-0.80068,,68.52838,12.672761,5.2535205,,-0.18464,5.906,0.00976,1.00595,0.0749,35.61538,,13.0,1.3,1174235
ADEA,Adeia Inc.,Technology,Software - Application,18.11,1.983229696,48,8,7,14,4,3,12,0.014,-0.529,1.0,0.36872002,27.86154,12.814436,5.2202344,4.792273,,0.18535,108.319,0.01824,0.97410005,0.0705,22.75,,4.0,0.996,961331
ARR,"ARMOUR Residential REIT, Inc.",Real Estate,REIT - Mortgage,18.37,2.067828224,48,20,5,10,4,5,4,1.261,0.231,1.0,0.92305,96.68422,5.867023,17.704311,0.9656224,,0.03746,781.244,0.0026,0.61389,0.12560001,18.625,2.33333,4.0,1.427,3221435
ATEX,Anterix Inc.,Communication Services,Telecom Services,26.6,0.498478464,48,8,8,15,6,2,9,0.001,,1.0,-6.21134,5.185185,-35.945946,84.131386,2.0703611,,0.50412,1.968,0.02307,0.87891996,0.1093,55.33333,,3.0,0.856,251445
CDNL,Cardinal Infrastructure Group I,Industrials,Engineering & Construction,25.59,0.980904704,48,17,10,2,6,4,9,0.602,,0.20815,0.09811,426.5,20.22925,2.4822788,0.0077558947,,,230.784,0.108109996,0.171,0.0066000004,29.0,1.0,2.0,,414539
CMCO,Columbus McKinnon Corporation,Industrials,Farm & Heavy Construction Machinery,21.12,0.606740864,48,8,12,5,10,4,9,0.077,,0.34502,0.04522,162.46155,8.165728,0.6203933,0.655921,,0.00439,58.478,0.02656,0.92256,0.0196,26.75,2.0,4.0,1.289,273070
COHU,"Cohu, Inc.",Technology,Semiconductor Equipment & Materials,29.36,1.370895232,48,9,9,7,6,2,15,0.324,,0.43237,-0.07293,,45.308643,3.22679,1.649809,,-0.08527,6.466,0.02856,0.97485,0.1074,30.6,1.2,5.0,1.268,635203
CRK,"Comstock Resources, Inc.",Energy,Oil & Gas E&P,23.35,6.8431104,48,14,7,6,4,8,9,0.477,,0.56049997,0.11715999,101.521736,23.559206,3.8009908,2.8991807,,0.03138,122.36,0.75041,0.30488002,0.2525,21.0,3.33333,14.0,0.385,2867873
CTMX,"CytomX Therapeutics, Inc.",Healthcare,Biotechnology,5.74,0.972559104,48,5,6,15,4,3,15,-0.822,,1.0,-2.64431,19.133331,-15.724734,8.558924,8.8172035,,0.66760004,5.211,0.0057200002,0.88782996,0.0986,8.5,1.66667,8.0,2.422,3326138
CWAN,"Clearwater Analytics Holdings, ",Technology,Software - Application,24.08,7.167296,48,12,3,14,4,3,12,0.771,,0.68527,0.03195,15.435898,34.67093,11.192325,3.5030549,,0.3198,44.108,0.0086199995,1.0095099,0.077800006,25.9125,2.9,8.0,0.66,11546656
EBC,"Eastern Bankshares, Inc.",Financial Services,Banks - Regional,20.41,4.591225344,48,22,7,5,4,6,4,0.328,0.537,0.0,0.49318,47.465115,9.254851,6.58996,1.0118989,,0.022179998,,0.01193,0.72821,0.0355,23.08333,1.66667,6.0,0.811,2225343
FIP,FTAI Infrastructure Inc.,Industrials,Conglomerates,5.99,0.69660384,48,12,13,6,6,2,9,0.687,,0.37337002,0.17159,,-4.5378785,1.5840293,3.8471417,,-0.31358,351.993,0.07801,0.83575994,0.1989,11.66667,,3.0,1.991,1354628
FIVN,"Five9, Inc.",Technology,Software - Infrastructure,17.79,1.391463552,48,8,15,6,4,0,15,0.082,,0.55559,0.056479998,46.815792,5.59735,1.2341512,1.7947943,,0.04666,102.931,0.01564,1.1982399,0.105,33.42857,,21.0,1.324,2081971
FWRG,"First Watch Restaurant Group, I",Consumer Cyclical,Restaurants,16.16,0.986278784,48,19,14,1,8,2,4,0.256,0.634,0.20363002,0.03597,202.0,49.014256,0.843377,1.6239574,,0.0083,161.852,0.0212,1.23931,0.1371,22.18182,1.36364,11.0,0.885,1262975
HCKT,"The Hackett Group, Inc.",Technology,Information Technology Services,18.53,0.502734048,48,5,11,10,4,6,12,-0.074,-0.71,0.38483003,0.118769996,48.76316,10.942935,1.6565531,4.94661,,0.10271,45.738,0.11444,0.87033,0.039300002,28.33333,,3.0,1.046,319520
HLIT,Harmonic Inc.,Technology,Communication Equipment,9.86,1.121668864,48,5,10,12,8,4,9,-0.273,-0.893,0.55781,0.0766,23.47619,13.506848,1.7644348,2.497467,,0.11383,33.083,0.02489,0.91247004,0.0296,11.78571,2.42857,7.0,1.039,1065025
IBRX,"ImmunityBio, Inc.",Healthcare,Biotechnology,5.91,5.821144064,48,12,5,5,6,5,15,4.251,,0.99551004,-1.73513,,-23.025675,70.512314,-11.109022,,,,0.66406995,0.14882,0.3838,11.8,1.2,5.0,-0.042,24809278
INVX,"Innovex International, Inc.",Energy,Oil & Gas Equipment & Services,25.17,1.734912512,48,17,10,9,0,3,9,0.581,-0.714,0.32348,0.1042,39.328125,16.23871,1.8160233,1.6697625,,0.10406999,7.939,0.024489999,1.0561299,0.0753,22.66667,,3.0,,396556
JBI,"Janus International Group, Inc.",Industrials,Building Products & Equipment,6.88,0.955574976,48,11,14,4,6,4,9,-0.047,0.368,0.39158002,0.13908,20.235294,10.834646,1.0752503,1.7029704,,0.08644,108.613,0.04976,1.0322,0.027999999,9.3,,5.0,1.442,1713156
JCAP,"Jefferson Capital, Inc.",Financial Services,Credit Services,21.26,1.31023744,48,14,10,10,4,6,4,0.38,,0.70553,0.46583,8.932773,7.5323296,2.2834988,2.8335333,,,271.429,0.08944,0.96242,0.0224,26.8,,5.0,,278233
KVYO,"Klaviyo, Inc. Series A",Technology,Software - Application,22.32,6.739418624,48,9,10,10,6,1,12,0.322,,0.75146,-0.02135,,27.687841,5.8401117,5.9000793,,-0.06099,9.93,0.0273,0.919,0.0653,43.3913,1.25,23.0,1.085,2953463
LEGN,Legend Biotech Corporation,Healthcare,Biotechnology,17.72,3.272699136,48,12,12,4,2,3,15,0.7,,0.14595,-0.15956001,,28.338396,3.6001508,3.2365296,,-0.22534999,40.567,0.01302,0.48009998,0.2008,66.32118,1.5,17.0,0.126,2406575
NGVC,Natural Grocers by Vitamin Cott,Consumer Defensive,Grocery Stores,26.25,0.604618688,48,14,13,6,4,7,4,0.042,0.307,0.33765998,0.04606,13.125,11.563877,0.45431495,2.8369176,,0.24024001,156.321,0.43833,0.42066002,0.0887,54.0,,1.0,1.249,288013
PRCH,"Porch Group, Inc.",Technology,Software - Application,8.0,0.842970816,48,8,10,7,4,7,12,0.062,,0.73426,0.13834,25.806452,-10.666667,1.905092,-29.962547,,,3691.523,0.17532,0.65182996,0.2305,17.625,1.25,8.0,3.056,1798421
RES,"RPC, Inc.",Energy,Oil & Gas Equipment & Services,6.7,1.478132992,48,14,10,7,0,8,9,0.324,-0.328,0.25361001,0.05302,30.454544,25.015865,0.9622322,1.3181192,,0.04405,7.348,0.59257,0.42543,0.1887,6.2,,6.0,0.633,1816018
SCHL,Scholastic Corporation,Communication Services,Publishing,35.55,0.90445216,48,9,10,12,4,4,9,0.012,0.269,0.56122,0.16766001,,16.307339,0.55816597,0.97128487,,-0.0035499998,43.052,0.18255,0.86221004,0.099,36.0,,2.0,1.178,345330
SEM,Select Medical Holdings Corpora,Healthcare,Medical Care Facilities,15.0,1.859838976,48,8,12,2,8,6,12,0.072,-0.468,0.17063999,0.05351,18.292683,11.474294,0.34641874,1.099465,,0.077,137.554,0.15786,0.83658,0.0838,18.4,,5.0,1.023,996940
SHC,Sotera Health Company,Healthcare,Diagnostics & Research,18.32,5.20460032,48,16,4,11,2,6,9,0.091,1.833,0.55979997,0.40565,91.6,19.514065,4.524248,9.453044,,0.108610004,414.101,0.02345,0.78623,0.041500002,20.4375,,8.0,1.828,2507578
SPIR,"Spire Global, Inc.",Industrials,Specialty Business Services,12.1,0.400513152,48,5,7,12,8,7,9,-0.557,,0.38452,-1.66148,34.57143,-10.868297,5.175458,2.9737039,,0.34345,9.414,0.08059,0.39937,0.1157,13.7,1.4,5.0,2.447,760888
STWD,"STARWOOD PROPERTY TRUST, INC. S",Real Estate,REIT - Mortgage,18.18,6.907151872,48,17,7,5,8,7,4,0.67,-0.174,0.87973,-0.00101,17.650486,9.939206,14.077525,0.9807942,,0.05406,284.262,0.05468,0.5392,0.031600002,21.25,2.11111,8.0,1.159,3482176
ZD,"Ziff Davis, Inc.",Communication Services,Advertising Agencies,39.6,1.623714944,48,8,10,11,8,2,9,0.029,,0.861,0.12649,15.40856,5.414977,1.1141337,0.88039124,,0.06255,49.827,0.02348,1.1456,0.18,43.42857,2.28571,7.0,1.372,643855
AHCO,AdaptHealth Corp.,Healthcare,Medical Devices,9.79,1.325804288,47,8,14,2,8,3,12,0.018,0.067,0.21502,0.081829995,17.8,9.843945,0.4072865,0.8022617,,0.05519,117.176,0.02475,1.03988,0.091000006,13.375,,8.0,1.713,1078178
AIRO,"AIRO Group Holdings, Inc.",Industrials,Aerospace & Defense,10.92,0.341837856,47,0,14,9,0,9,15,-0.735,,0.63782,-1.9065,,-21.203884,4.1506343,0.46222222,,-0.00741,1.985,0.34702,0.25534,0.0394,19.66667,,3.0,,750880
AMSC,American Superconductor Corpora,Industrials,Specialty Industrial Machinery,31.45,1.49714368,47,11,10,6,6,5,9,0.209,-0.155,0.2991,0.04502,85.0,28.418589,5.6225047,4.1529117,,0.05723,1.066,0.03833,0.73947,0.056799997,61.0,1.0,3.0,2.969,975155
APOG,"Apogee Enterprises, Inc.",Industrials,Building Products & Equipment,37.485,0.80633728,47,8,12,6,8,4,9,0.021,-0.198,0.23828,0.08687,20.045454,11.812512,0.5763368,1.5727533,,0.07734,60.96,0.02419,0.99811995,0.034,43.33333,,3.0,1.069,254783
AR,Antero Resources Corporation,Energy,Oil & Gas E&P,35.3,10.890406912,47,8,12,10,6,2,9,0.134,,0.67002,0.111999996,18.677248,10.655445,2.1747088,1.4819479,,0.08578,47.492,0.06583,0.88664,0.0419,43.4,1.80952,20.0,0.507,5610946
AZTA,"Azenta, Inc.",Healthcare,Medical Instruments & Supplies,39.0,1.793593472,47,8,9,8,8,2,12,0.052,,0.45523998,0.0112,73.58491,38.423645,3.020428,1.035609,,0.0139999995,3.47,0.00873,1.1438,0.1391,43.5,,6.0,1.315,644996
BOX,"Box, Inc.",Technology,Software - Infrastructure,25.49,3.650877184,47,8,8,12,2,2,15,0.091,-0.045,0.78925,0.08324,20.392,17.555702,3.1721985,-12.821931,,2.04265,361.063,0.03073,1.06791,0.1162,35.625,,8.0,0.807,2269051
BUSE,First Busey Corporation,Financial Services,Banks - Regional,24.68,2.181935104,47,23,9,5,0,6,4,0.712,0.286,0.0,0.42758,16.789116,9.116632,3.2720468,0.8758917,,0.07022,,0.061350003,0.65532994,0.0187,27.14286,2.28571,7.0,0.782,465565
BVS,Bioventus Inc.,Healthcare,Medical Devices,7.82,0.523756064,47,5,13,6,4,7,12,-0.002,,0.67757004,0.08125,48.875004,9.836478,0.9289272,3.153226,,0.06379,164.612,0.11715,0.74377,0.0652,15.0,,3.0,0.792,306651
CERT,"Certara, Inc.",Healthcare,Health Information Services,9.26,1.474871296,47,8,13,11,4,2,9,0.103,,0.61444,0.06534,132.28572,16.957844,3.5491943,1.3862276,,0.0102699995,29.038,0.025120001,1.1674299,0.18030001,12.375,,12.0,1.465,2281786
EGY,"VAALCO Energy, Inc.",Energy,Oil & Gas E&P,5.17,0.539015168,47,5,15,9,2,7,9,-0.565,-0.9,0.61095,-0.0032,19.148148,8.406504,1.3822638,1.06554,,0.057350002,29.207,0.0287,0.59863,0.0359,8.18333,1.0,3.0,0.203,972423
ETON,"Eton Pharmaceuticals, Inc.",Healthcare,Drug Manufacturers - Specialty & Generic,15.25,0.408967424,47,12,9,4,8,5,9,1.175,,0.56586,-0.00174,,15.09901,5.816136,17.691416,,-0.34173,133.516,0.04363,0.66297996,0.0795,30.0,,3.0,1.18,258581
EXLS,"ExlService Holdings, Inc.",Technology,Information Technology Services,38.6,6.234407424,47,8,9,13,2,3,12,0.122,0.098,0.38236,0.14375,26.08108,17.60178,3.076456,6.439773,,0.25962,45.835,0.028269999,1.01315,0.0657,52.14286,,7.0,0.908,1182945
FRSH,Freshworks Inc.,Technology,Software - Application,10.64,3.10080128,47,6,12,10,4,3,12,0.153,,0.84773004,-0.03466,,15.399089,3.8251274,3.520847,,-0.02982,4.659,0.07084,0.83215,0.0765,18.35714,1.9375,14.0,0.889,3931851
FULT,Fulton Financial Corporation,Financial Services,Banks - Regional,20.64,3.71303552,47,17,10,7,4,5,4,0.164,0.467,0.0,0.39269,9.923077,9.000013,2.9066792,1.1259615,,0.11711001,,0.011,0.79296,0.064,23.05,2.0,5.0,0.869,1741553
HFWA,Heritage Financial Corporation,Financial Services,Banks - Regional,25.48,0.865389952,47,19,11,5,4,4,4,0.202,0.908,0.0,0.39834,12.999999,8.871866,3.5442255,0.9391125,,0.07566,,0.01594,0.87619,0.0403,30.2,2.5,5.0,0.523,227093
MNTN,"MNTN, Inc.",Technology,Software - Application,9.55,0.699282368,47,6,13,7,2,7,12,0.226,,0.75549006,0.10754,,9.757443,2.5632858,2.621466,,-0.27703,,0.13764,0.59108,0.1041,26.35,1.5,10.0,,720231
NABL,"N-able, Inc.",Technology,Information Technology Services,6.15,1.150641024,47,3,15,11,2,4,12,0.131,-0.873,0.80997,0.13002,,12.551021,2.3120794,1.4186851,,-0.00825,45.369,0.0135,1.00288,0.0328,9.65,2.0,5.0,0.61,906750
OPCH,"Option Care Health, Inc.",Healthcare,Medical Care Facilities,33.89,5.500179456,47,8,10,8,6,3,12,0.122,0.032,0.19408001,0.05889,26.896826,18.081512,0.99451923,3.9936364,,0.15025,93.931,0.00808,1.06372,0.0825,39.81818,1.5,11.0,0.805,2023493
OTF,Blue Owl Technology Finance Cor,Financial Services,Asset Management,13.4,6.279584768,47,12,9,16,2,4,4,0.888,-0.114,1.0,0.6771,7.4444447,9.737523,6.332978,0.7759569,,0.1058,61.658,0.00046,0.21565,,15.77778,2.0,9.0,,1238455
PAA,"Plains All American Pipeline, L",Energy,Oil & Gas Midstream,19.69,13.891252224,47,13,10,5,2,8,9,-0.07,1.458,0.06665,0.033859998,19.116507,11.572075,0.29608142,1.7973529,,0.10083,74.194,0.34039003,0.39176998,0.0312,20.58824,2.47059,17.0,0.561,3003035
PAR,PAR Technology Corporation,Technology,Software - Application,27.57,1.119094784,47,6,15,6,6,2,12,0.232,,0.43925998,-0.12229,,45.623787,2.540793,1.3353676,,-0.116359994,48.01,0.01763,1.22305,0.21360001,59.11111,1.3,9.0,1.346,734448
PARR,"Par Pacific Holdings, Inc. Comm",Energy,Oil & Gas Refining & Marketing,36.47,1.853211776,47,8,12,8,8,2,9,-0.061,38.692,0.16018999,0.17593999,7.8599143,9.635556,0.24763538,1.3127677,,0.17809999,101.445,0.03001,1.04107,0.125,45.5,2.125,8.0,1.239,1242381
PHAT,"Phathom Pharmaceuticals, Inc.",Healthcare,Biotechnology,13.53,1.055521792,47,12,7,5,4,4,15,2.027,,0.8725,-0.30848,,-121.01968,7.1711516,-2.2747142,,,,0.04699,0.77032,0.21030001,22.9,1.45455,10.0,0.486,1065351
RVLV,"Revolve Group, Inc.",Consumer Cyclical,Internet Retail,28.2,2.011625344,47,16,6,13,6,2,4,0.044,0.916,0.53317,0.07436,36.62338,31.383198,1.6833136,4.1036086,,0.11935,7.199,0.00656,1.1352301,0.1883,29.07143,2.0625,14.0,1.758,1032855
S,"SentinelOne, Inc.",Technology,Software - Infrastructure,14.07,4.781956608,47,6,11,10,2,3,15,0.229,,0.74691004,-0.26395,,46.931286,5.0038996,3.0841737,,-0.25791,0.667,0.011080001,0.78766996,0.0633,21.01515,1.77778,33.0,0.772,8178656
SERV,Serve Robotics Inc.,Industrials,Specialty Industrial Machinery,11.3,0.84166336,47,12,8,5,6,7,9,2.095,,0.0,-50.67831,,-6.372193,432.84686,2.6956108,,-0.47177,1.461,0.10848,0.34212002,0.2189,18.85714,1.0,7.0,,7078928
SIBN,"SI-BONE, Inc.",Healthcare,Medical Devices,16.55,0.718125248,47,6,10,10,6,3,12,0.206,,0.79619,-0.11063,,-33.547523,3.7097461,4.160382,,-0.12907,21.401,0.03288,1.05818,0.0614,25.4,1.4,10.0,0.696,593281
SRTA,"Strata Critical Medical, Inc.",Healthcare,Medical Care Facilities,5.07,0.437878304,47,12,12,5,2,4,12,2.083,,0.19604999,-0.42798,,,6.520121,1.2137898,,-0.24500999,0.246,0.11967,0.69332004,0.1035,9.625,,2.0,-0.21,930011
TDC,Teradata Corporation,Technology,Software - Infrastructure,28.83,2.724434944,47,11,5,11,2,3,15,-0.055,0.273,0.59419,0.14663,23.826445,11.573666,1.6501725,12.336329,,0.68605006,261.644,0.01702,1.0438501,0.08939999,28.81818,2.81818,11.0,0.57,1511326
TIC,"TIC Solutions, Inc.",Industrials,Specialty Business Services,10.38,2.296156416,47,12,14,3,2,7,9,0.564,,0.25308,0.025829999,,26.429699,1.7881863,1.0803497,,-0.03513,87.916,0.082159996,0.68291,0.0867,14.25,2.2,6.0,0.439,2675526
TNGX,"Tango Therapeutics, Inc.",Healthcare,Biotechnology,11.67,1.571681664,47,12,2,10,6,2,15,3.636,,-1.01502,0.26150998,,-9.016527,23.633955,8.138075,,-0.51652,21.723,0.04952,0.97497004,0.36810002,13.625,1.3,8.0,1.754,3000925
XNCR,"Xencor, Inc.",Healthcare,Biotechnology,12.38,0.884061632,47,6,14,4,6,2,15,0.18,,-0.50312,-2.2629201,,-4.7230997,5.888562,1.4124358,,-0.19564,32.368,0.0124699995,1.1830001,0.206,28.83333,,12.0,0.971,794913
AGIO,"Agios Pharmaceuticals, Inc.",Healthcare,Biotechnology,27.61,1.610044416,46,9,9,5,6,2,15,0.437,,0.0,-9.07368,,-4.1992397,35.945713,1.2528929,,-0.27569,3.466,0.0174,1.04208,0.1287,36.75,1.6,8.0,0.892,1664188
AUB,Atlantic Union Bankshares Corpo,Financial Services,Banks - Regional,39.2,5.586712064,46,23,9,5,2,3,4,0.915,0.3,0.0,0.53363,19.310345,9.732409,4.5326047,1.1101357,,0.06718,,0.00907,0.86971,0.0598,44.4375,1.77778,8.0,,1188203
BAND,Bandwidth Inc.,Technology,Software - Infrastructure,13.99,0.426996896,46,0,15,2,8,6,15,-0.01,,0.38814998,-0.0104600005,,6.525186,0.56472254,1.087193,,-0.03201,122.121,0.042930003,0.74691004,0.0467,22.75,1.8,4.0,2.103,211866
BEN,"Franklin Resources, Inc.",Financial Services,Asset Management,25.88,13.49359104,46,8,10,11,4,9,4,0.06,,0.37402,0.17558001,28.439558,9.212652,1.538485,1.1162871,,0.03818,23.699,0.48334998,0.47139,0.059499998,25.72727,3.0,11.0,1.466,4327666
BKKT,"Bakkt, Inc.",Technology,Software - Infrastructure,13.63,0.34776096,46,6,15,5,0,5,15,0.271,,-0.01324,-0.04892,,14.197917,0.08982646,1.961998,,-0.67517996,9.734,0.37245,0.22534001,0.1571,40.0,,1.0,5.811,1582011
BLFS,"BioLife Solutions, Inc.",Healthcare,Medical Instruments & Supplies,22.58,1.087182976,46,9,7,9,6,3,12,0.312,,0.6428,-0.00317,,141.125,10.856196,3.0616949,,-0.05248,5.845,0.01743,1.06419,0.083000004,32.44444,,9.0,1.931,339418
CNMD,CONMED Corporation,Healthcare,Medical Devices,37.31,1.1554144,46,8,14,8,2,2,12,0.067,-0.943,0.56486,0.10837,24.70861,7.527672,0.8574695,1.1454624,,0.06601,84.676,0.00587,1.1450499,0.1025,48.6,2.83333,5.0,0.965,589901
CTLP,"Cantaloupe, Inc.",Technology,Software - Infrastructure,10.75,0.792245248,46,3,8,14,4,2,15,0.141,,0.41107,0.10915,13.4375,22.395834,2.5346577,3.1460345,,0.27076,18.826,0.12069,0.97486,0.1318,11.2,,1.0,1.1,802343
CVI,CVR Energy Inc.,Energy,Oil & Gas Refining & Marketing,22.28,2.239821824,46,3,10,10,6,8,9,0.061,,0.10741,0.26543,13.503031,26.08319,0.30686694,2.6663477,,0.25936002,182.997,0.70047,0.32694998,0.21059999,25.83333,4.0,6.0,1.109,1183170
CVRX,"CVRx, Inc.",Healthcare,Medical Devices,7.01,0.183732864,46,3,12,5,8,6,12,0.098,,0.84486,-0.83513,,-3.6653404,3.2827613,3.8201635,,-0.91883004,105.142,0.04295,0.64862,0.0687,11.0,1.66667,5.0,1.277,273643
DV,"DoubleVerify Holdings, Inc.",Communication Services,Advertising Agencies,11.09,1.814638848,46,8,12,12,4,1,9,0.112,-0.4,0.82017,0.11189,42.653847,10.319927,2.4745388,1.6599311,,0.04053,9.581,0.00889,1.0275,0.09729999,13.77778,2.3,18.0,0.979,2607636
EZPW,"EZCORP, Inc.",Financial Services,Credit Services,21.09,1.28429952,46,16,12,10,2,2,4,0.143,0.627,0.58548,0.11274,14.852113,12.3767605,1.0078629,1.252301,,0.11979,74.624,0.04607,1.15688,0.3057,25.4,1.83333,5.0,0.549,928031
FLY,Firefly Aerospace Inc.,Industrials,Aerospace & Defense,27.09,4.314113024,46,9,5,5,2,10,15,0.376,,-0.04908,-1.8478501,,-31.919407,38.790398,4.229508,,,4.687,0.21013,0.52301,0.0326,38.28571,1.875,7.0,,2995233
FSK,FS KKR Capital Corp.,Financial Services,Asset Management,13.82,3.870518016,46,11,12,10,2,7,4,-0.154,0.338,1.0,0.74799,14.10204,6.5980763,2.4527998,0.6284389,,0.0424,119.435,0.00184,0.31309998,0.0153,17.325,2.63636,10.0,0.881,2558390
FSLY,"Fastly, Inc.",Technology,Software - Application,9.62,1.437228032,46,6,10,8,6,4,12,0.153,,0.54952,-0.18195,,72.93957,2.4278114,1.5320911,,-0.14588,43.642,0.06902,0.74272,0.1039,10.92857,2.7,7.0,0.979,4503661
GEO,Geo Group Inc (The) REIT,Industrials,Security & Protection Services,16.34,2.31267584,46,11,15,6,2,3,9,0.131,5.526,0.25504,0.114750005,9.668639,12.308851,0.9135328,1.4682362,,0.16795999,107.263,0.04249,0.95004,0.0757,32.25,1.0,4.0,0.727,1923111
GLDD,Great Lakes Dredge & Dock Corpo,Industrials,Engineering & Construction,15.27,1.038349376,46,11,8,8,6,4,9,0.021,1.0,0.23817,0.14417,12.831932,13.745983,1.2441297,2.028158,,0.17368999,96.907,0.02372,0.82824,0.0286,17.0,1.5,5.0,1.405,605656
GTY,Getty Realty Corporation,Real Estate,REIT - Retail,29.26,1.689570048,46,14,7,12,6,3,4,0.08,0.473,0.95295995,0.64057,22.859375,20.728693,7.8880363,1.6689483,,0.07536,93.897,0.0729,0.86573,0.0865,31.875,2.22222,8.0,0.87,411363
HESM,Hess Midstream LP,Energy,Oil & Gas Midstream,36.04,7.570698752,46,11,4,15,4,3,9,0.112,0.19,0.7703,0.61511004,12.8256235,12.703247,4.693552,8.144632,,1.58632,889.777,0.00873,0.91526,0.0851,36.83333,3.0,6.0,0.579,1532661
HIMS,"Hims & Hers Health, Inc.",Healthcare,Drug Manufacturers - Specialty & Generic,29.87,6.799861248,46,14,8,11,2,2,9,0.492,-0.803,0.75012,0.019709999,56.358494,26.783714,3.075527,11.69538,,0.26207,192.437,0.06311,0.94452006,0.39259997,41.61538,2.86667,13.0,2.37,18619651
KPTI,Karyopharm Therapeutics Inc.,Healthcare,Biotechnology,6.63,0.121397184,46,3,10,5,6,7,15,0.136,,1.0433899,-0.34555998,,-1.3461928,0.85173076,-0.21427187,,,,0.05284,0.30429,0.0467,15.33333,1.66667,6.0,0.21,265293
KRP,Kimbell Royalty Partners,Energy,Oil & Gas E&P,13.44,1.450015104,46,3,9,14,4,7,9,0.04,-0.152,0.93455005,0.37375,,23.578947,4.5956264,2.3168418,,0.041199997,57.788,0.0325,0.30976,0.0148,16.25,2.5,4.0,0.297,671008
LFST,"LifeStance Health Group, Inc.",Healthcare,Medical Care Facilities,7.07,2.750232064,46,6,12,5,8,3,12,0.163,,0.32484,0.02016,,28.320782,2.0110357,1.8425854,,-0.00622,31.73,0.0414,0.94068,0.0925,8.88889,1.4,9.0,1.114,2188746
MEG,"Montrose Environmental Group, I",Industrials,Waste Management,22.2,0.784496256,46,6,15,5,8,3,9,0.259,,0.40768,0.0476,,15.877557,0.94938207,1.7092701,,-0.04166,80.578,0.06837,0.9707,0.067600004,33.33333,1.85714,6.0,1.974,350233
MSIF,"MSC Income Fund, Inc.",Financial Services,Asset Management,13.67,0.64851168,46,11,11,14,2,4,4,0.056,2.056,1.0,0.72607005,7.679775,9.286054,4.709872,0.8798919,,0.117019996,71.992,0.0046900003,0.105399996,0.0008,15.8,2.16667,5.0,0.779,246255
MTCH,"Match Group, Inc.",Communication Services,Internet Content & Information,31.02,7.464098816,46,11,7,10,8,1,9,0.021,0.233,0.72330004,0.30826,14.495327,8.179301,2.1514297,-33.10566,,,,0.0065200003,1.09582,0.0692,37.58824,2.4,17.0,1.334,3593815
NTLA,"Intellia Therapeutics, Inc.",Healthcare,Biotechnology,13.9,1.610035968,46,12,8,5,6,0,15,0.513,,0.0,-8.08859,,-3.8565154,27.986998,2.150371,,-0.52109003,13.09,0.04498,0.86741996,0.4122,23.85714,2.29167,21.0,2.056,6029396
OFIX,Orthofix Medical Inc.,Healthcare,Medical Devices,13.13,0.519943552,46,3,15,8,4,4,12,0.046,,0.69018,-0.08351,,18.757143,0.63558275,1.1726356,,-0.246,46.212,0.02392,0.91332,0.0272,21.04,1.83333,5.0,0.79,224213
PCN,Pimco Corporate & Income Strate,Financial Services,Asset Management,12.79,0.915277376,46,14,5,17,6,0,4,0.169,0.521,1.0,0.92316,8.251613,,10.859186,1.0823389,,0.13112001,8.4,0.0,0.14545,,,,,0.846,338606
PENG,"Penguin Solutions, Inc.",Technology,Information Technology Services,19.74,1.037537536,46,8,12,4,8,2,12,0.006,-0.611,0.28661,0.06949,89.72727,8.198764,0.75690514,2.6625304,,0.05709,87.582,0.02545,1.13414,0.19590001,26.875,1.625,8.0,2.227,1171895
PRG,"PROG Holdings, Inc.",Industrials,Rental & Leasing Services,32.42,1.282067968,46,0,12,13,10,2,9,-0.018,-0.577,0.35077998,0.15890999,8.228426,9.013893,0.51135874,1.8222696,,0.24561001,85.663,0.01906,1.04838,0.1294,41.0,1.625,7.0,1.751,486308
PTY,Pimco Corporate & Income Opport,Financial Services,Asset Management,13.06,2.502230784,46,14,5,17,6,0,4,0.2,0.533,1.0,0.94367,9.132868,,10.120819,1.1136693,,0.13516,11.567,0.0,0.14518,,,,,0.88,1152315
RDN,Radian Group Inc.,Financial Services,Insurance - Specialty,33.18,4.495526912,46,5,11,17,6,3,4,-0.033,0.034,0.91260004,0.74171996,8.378788,7.464265,3.530819,0.96616393,,0.12132,27.351,0.01245,0.96072,0.056999996,39.33333,,6.0,0.821,946560
RNST,Renasant Corporation,Financial Services,Banks - Regional,38.04,3.614613504,46,20,9,5,4,4,4,0.627,0.198,0.0,0.4348,18.376812,9.901944,4.1150346,0.92665225,,0.05524,,0.01699,0.89562,0.0392,43.28571,1.57143,7.0,0.984,557895
RPD,"Rapid7, Inc.",Technology,Software - Infrastructure,11.73,0.768089472,46,8,11,11,0,1,15,0.015,-0.286,0.70487,0.027999999,33.514286,5.920116,0.8945138,6.024653,,0.37091,763.1,0.025179999,0.98068,0.08189999,18.43318,2.61538,22.0,0.798,1183083
RWAY,Runway Growth Finance Corp.,Financial Services,Asset Management,9.27,0.334962528,46,8,12,14,2,6,4,0.003,-0.661,1.0,0.7175,6.349315,6.2429714,2.374425,0.68423384,,0.11015,90.599,0.010729999,0.57594,0.08930001,10.75,2.11111,8.0,0.597,374213
SENS,"Senseonics Holdings, Inc.",Healthcare,Medical Devices,6.96,0.28437488,46,12,10,6,2,4,12,0.899,,0.41112,-2.42137,,-2.9243696,9.70629,3.6344647,,-1.2929,52.663,0.08997,0.15524,0.1018,18.91667,2.0,6.0,0.643,435448
SKT,Tanger Inc.,Real Estate,REIT - Retail,32.91,3.768524032,46,14,3,14,8,3,4,0.104,0.273,0.73538,0.33396,35.01064,29.3876,6.55236,5.383609,,0.16951999,232.926,0.023239998,0.94878995,0.0588,36.81818,2.25,11.0,1.054,855498
SNDR,"Schneider National, Inc.",Industrials,Trucking,29.71,5.20815104,46,8,10,6,4,9,9,0.104,-0.353,0.1693,0.024300002,46.421875,19.005884,0.92774075,1.7240179,,0.038110003,17.286,0.50395,0.62788,0.0738,30.73333,2.125,15.0,1.086,937778
SSYS,"Stratasys, Ltd.",Technology,Computer Hardware,11.24,0.960300608,46,0,12,7,8,10,9,-0.022,,0.43611,-0.16118999,,46.350513,1.7103603,1.1263653,,-0.15125,3.647,0.16267,0.62255,0.033800002,13.16667,,3.0,1.439,924303
TBPH,"Theravance Biopharma, Inc.",Healthcare,Biotechnology,19.18,0.97189728,46,11,5,11,2,2,15,0.185,,0.50817,-0.32291,33.649124,11.3491125,12.09926,4.1768293,,0.14029,19.166,0.04065,0.97786003,0.1432,26.71429,1.57143,7.0,0.138,500461
TEI,Templeton Emerging Markets Inco,Financial Services,Asset Management,6.74,0.31831952,46,11,7,19,0,5,4,0.111,4.094,1.0,0.91419,6.017857,,8.296034,1.0602485,,0.18368,21.648,0.0,0.40597,0.0069,,,,0.663,216786
TRIP,"TripAdvisor, Inc.",Consumer Cyclical,Travel Services,13.42,1.568909824,46,16,12,6,6,2,4,0.039,0.593,0.62242,0.12658,22.366667,7.5892096,0.82967204,2.2170825,,0.095699996,177.793,0.01155,1.15835,0.27969998,17.53333,2.94444,15.0,0.997,2455113
TRS,TriMas Corporation,Consumer Cyclical,Packaging & Containers,34.41,1.3986176,46,19,12,6,2,3,4,0.174,2.813,0.23103,0.09314,31.861109,28.25123,1.379661,1.9289197,,0.06262,65.344,0.22161,0.99243,0.1306,41.5,,2.0,0.571,643556
UE,Urban Edge Properties,Real Estate,REIT - Retail,19.2,2.595228672,46,11,11,9,8,3,4,0.068,0.696,0.65944,0.30083,21.573034,53.333332,5.536582,1.8620892,,0.085319996,122.188,0.00092,1.01152,0.053200003,22.28571,2.14286,7.0,1.057,839336
VIR,"Vir Biotechnology, Inc.",Healthcare,Biotechnology,7.78,1.082392704,46,0,10,5,10,6,15,-0.899,,0.0,-722.67914,,-2.664183,64.19885,1.3587147,,-0.49062002,12.583,0.10419,0.78129995,0.1388,17.11111,1.4,9.0,1.394,1813226
VISN,"Vistance Networks, Inc.",Technology,Communication Equipment,18.46,4.089788928,46,17,9,6,4,1,9,0.506,,0.4106,0.19795,15.777778,14.887095,0.7717893,-1.744142,,,,0.03738,0.95369005,0.0648,24.25,1.66667,2.0,2.4,4266055
VLY,Valley National Bancorp,Financial Services,Banks - Regional,12.67,7.065243136,46,19,9,5,6,3,4,0.263,0.543,0.0,0.47689998,12.544555,8.833824,4.1457996,0.96784055,,0.07067,,0.014199999,0.87991995,0.0769,14.11538,1.64286,13.0,1.103,7312061
WLY,"John Wiley & Sons, Inc.",Communication Services,Publishing,30.74,1.615644928,46,8,13,11,2,3,9,-0.011,0.135,0.74259,0.18152,16.438503,6.9863634,0.9699169,2.188056,,0.13605,130.629,0.09442,0.97600996,0.097799994,60.0,,1.0,0.973,577837
YELP,Yelp Inc.,Communication Services,Internet Content & Information,27.5,1.734168064,46,8,10,17,0,2,9,0.044,0.089,0.90468,0.14004,12.276786,6.7396016,1.1821847,2.3277466,,0.20374,3.737,0.04867,1.05477,0.161,33.375,2.90909,8.0,0.553,991971
AIP,"Arteris, Inc.",Technology,Semiconductors,15.66,0.684087872,45,6,2,5,8,9,15,0.183,,0.89976,-0.50057,,-113.89091,10.375815,-59.543724,,,,0.28176,0.53873,0.060100004,19.25,1.5,4.0,1.48,574130
ARLO,"Arlo Technologies, Inc.",Industrials,Building Products & Equipment,13.02,1.380019456,45,8,10,8,8,2,9,0.014,,0.41634998,0.00625,434.00003,16.602907,2.7081933,10.654665,,0.038039997,6.852,0.03203,1.00827,0.1329,23.2,,5.0,1.645,1256986
ARMK,Aramark,Industrials,Specialty Business Services,38.49,10.120333312,45,8,10,4,10,4,9,0.143,-0.3,0.15669,0.053260002,31.549181,14.859168,0.54685885,3.214465,,0.10529,181.076,0.00513,1.00855,0.0307,44.6,1.53333,15.0,1.19,2485460
BANC,"Banc of California, Inc.",Financial Services,Banks - Regional,20.25,3.147975168,45,16,11,5,6,3,4,0.115,0.519,0.0,0.40526,17.307693,9.952669,3.0863562,1.060487,,0.05989,,0.008119999,0.99521005,0.0708,23.5,1.54545,11.0,1.059,2067950
CHI,Calamos Convertible Opportuniti,Financial Services,Asset Management,11.39,0.906959424,45,8,5,19,4,5,4,-0.302,1.713,1.0,0.37331,5.2009134,,44.54911,1.024557,,0.20987,49.022,0.00044,0.63256,0.0042,,,,1.093,201778
CHY,Calamos Convertible and High In,Financial Services,Asset Management,11.93,0.954698496,45,8,5,19,4,5,4,-0.285,1.74,1.0,0.38649,5.098291,,43.69963,1.0131636,,0.21110001,50.185,0.05465,0.63075,0.0076,,,,1.109,202183
CSQ,Calamos Strategic Total Return ,Financial Services,Asset Management,19.38,3.107963392,45,8,5,19,4,5,4,-0.022,1.222,1.0,0.41689,4.297117,,38.900593,0.9305675,,0.23452999,41.078,0.00156,0.56027,0.0004,,,,1.286,256275
CURB,Curbline Properties Corp.,Real Estate,REIT - Retail,23.98,2.526727424,45,12,5,14,6,4,4,0.635,,0.74177,0.18429,63.105263,84.63629,15.438221,1.3141166,,0.027490001,20.61,0.083850004,1.07062,0.1039,27.27778,1.55556,9.0,,745998
DIBS,"1stdibs.com, Inc.",Communication Services,Internet Content & Information,5.49,0.201012768,45,3,10,10,6,7,9,0.037,,0.727,-0.17672001,,-10.557693,2.2479117,2.1386833,,-0.17726,20.926,0.13474,0.62297,0.0166,7.0,,1.0,1.058,312243
DUOT,"Duos Technologies Group, Inc.",Technology,Software - Application,10.05,0.205173648,45,12,5,5,4,7,12,1.123,,0.2638,-0.16227,,83.75,10.783682,4.1256156,,-0.38621,9.436,0.18507999,0.39209998,0.0694,14.0,,1.0,0.993,250241
ENOV,Enovis Corporation,Healthcare,Medical Devices,22.71,1.298770816,45,3,15,7,6,2,12,0.086,,0.60574,0.01651,,6.623057,0.58155674,0.64274186,,-0.51019,71.22,0.01648,1.16492,0.2139,45.45455,1.33333,11.0,1.647,952251
ENTA,"Enanta Pharmaceuticals, Inc.",Healthcare,Biotechnology,12.9,0.374338912,45,3,9,5,8,5,15,0.035,,1.0,-1.2156,,-4.7183614,5.730496,4.2630534,,-0.84626,310.67,0.04682,0.69878,0.0817,19.125,1.5,8.0,0.96,323768
FA,First Advantage Corporation,Industrials,Specialty Business Services,13.05,2.272200192,45,12,14,4,4,2,9,1.055,,0.45882,0.10667,,11.01396,1.5547084,1.7448857,,-0.12479,162.837,0.03419,1.10957,0.1507,17.57143,2.3,7.0,1.201,684333
FFBC,First Financial Bancorp.,Financial Services,Banks - Regional,28.8,3.00968192,45,17,9,7,2,6,4,0.18,0.364,0.0,0.42541,10.827067,8.475574,3.6888509,1.0478442,,0.101569995,,0.00988,0.75311995,0.0296,30.0,2.28571,6.0,0.987,779688
FLGT,"Fulgent Genetics, Inc.",Healthcare,Diagnostics & Research,26.24,0.811141184,45,6,12,7,2,9,9,0.172,,0.41243,-0.18259001,,-81.9795,2.5705714,0.7190814,,-0.03916,0.713,0.32702,0.57583,0.098000005,33.66667,,3.0,0.63,271603
FNB,F.N.B. Corporation,Financial Services,Banks - Regional,17.6,6.30320384,45,19,9,5,4,4,4,0.264,0.565,0.0,0.38807,11.282052,9.083871,3.753927,0.9303801,,0.08658,,0.013830001,0.87903,0.044299997,20.0625,1.375,8.0,0.933,5351503
GCMG,GCM Grosvenor Inc.,Financial Services,Asset Management,11.31,2.113612928,45,16,8,7,6,4,4,0.081,5.298,0.41351002,0.33264,35.343754,12.940504,3.891864,-81.36691,,,12901.779,0.02628,1.05194,0.0271,16.25,2.0,4.0,0.809,743110
GLO,Clough Global Opportunities Fun,Financial Services,Asset Management,5.93,0.253603696,45,8,5,19,4,5,4,-0.186,2.629,1.0,0.2907,5.2946424,,32.557022,0.89971167,,0.17684,24.655,0.0001,0.48916,0.0017,,,,1.016,208455
GSIT,"GSI Technology, Inc.",Technology,Semiconductors,7.54,0.265722448,45,9,1,9,8,3,15,0.416,,0.54952997,-0.49457002,,-13.70909,11.060708,5.9137254,,-0.32466,23.506,0.12663001,0.15691,0.0916,,,,1.447,1739421
HBNC,"Horizon Bancorp, Inc.",Financial Services,Banks - Regional,17.49,0.895792896,45,12,12,5,6,6,4,2.187,,0.0,0.47267,,7.986301,-11.315088,1.3491206,,-0.26602,,0.0217,0.77584,0.029000001,21.2,1.83333,5.0,0.822,340158
HLX,"Helix Energy Solutions Group, I",Energy,Oil & Gas Equipment & Services,7.92,1.164880896,45,8,12,6,6,4,9,0.101,-0.212,0.12752,0.12694,28.285715,24.90566,0.88756543,0.7396339,,0.027139999,39.524,0.067940004,0.87418,0.041500002,10.0,,4.0,1.254,1545120
HOG,"Harley-Davidson, Inc.",Consumer Cyclical,Recreational Vehicles,19.71,2.395806464,45,14,14,7,4,2,4,0.165,2.407,0.31752002,0.36556998,4.6928573,9.45233,0.51361156,0.65182877,,0.14121,146.413,0.00962,0.94693,0.1751,26.5,2.4,10.0,1.376,2665298
IMXI,"International Money Express, In",Technology,Software - Infrastructure,15.47,0.4597488,45,5,8,7,6,4,15,-0.099,-0.684,0.34877,0.10256,12.085938,8.228461,0.7354533,3.070663,,0.2684,121.006,0.08066,0.91600996,0.031600002,16.0,3.0,2.0,0.886,228510
IVR,INVESCO MORTGAGE CAPITAL INC,Real Estate,REIT - Mortgage,8.9,0.631415552,45,14,7,10,4,6,4,0.278,0.18,1.0,0.92293,18.541666,4.090111,8.732789,1.0489098,,0.06553,669.294,0.0033399998,0.46061,0.0896,8.66667,2.83333,3.0,1.664,1991235
JOBY,"Joby Aviation, Inc.",Industrials,Airports & Air Services,11.14,10.157264896,45,12,2,9,4,9,9,805.214,,0.55432,-7.7906895,,-15.833985,448.5632,10.868293,,-1.2573301,5.087,0.35918,0.37199003,0.081999995,12.82125,3.18182,8.0,2.559,22740790
LADR,Ladder Capital Corp,Real Estate,REIT - Mortgage,11.16,1.422464512,45,5,7,10,10,9,4,-0.152,-0.318,0.73956,0.35144,17.714285,10.119144,6.092134,0.9497872,,0.052360002,201.694,0.11883,0.63201,0.015,12.5,1.57143,7.0,1.04,673703
MFA,"MFA Financial, Inc.",Real Estate,REIT - Mortgage,10.14,1.041060672,45,5,13,10,6,7,4,-0.061,-0.054,0.86704004,0.56492,11.790698,7.568464,3.7312531,0.5689597,,0.06935,543.147,0.009190001,0.55425,0.025799999,14.55,2.57143,5.0,1.663,1273040
MOS,Mosaic Company (The),Basic Materials,Agricultural Inputs,28.04,8.900117504,45,14,12,8,6,1,4,0.228,2.395,0.15647,0.11958,7.2642493,11.12937,0.7482486,0.6963692,,0.101169996,37.134,0.00466,0.97833997,0.0557,32.45556,2.21053,18.0,0.945,7535176
MTG,MGIC Investment Corporation,Financial Services,Insurance - Specialty,27.01,6.226426368,45,5,9,17,6,4,4,-0.007,0.078,0.83145,0.80119,8.684888,8.595068,5.1186147,1.1809199,,0.14402,12.484,0.0152900005,1.01806,0.0466,28.75,,6.0,0.84,1818931
NUAI,"New Era Energy & Digital, Inc.",Technology,Software - Infrastructure,7.37,0.393920384,45,12,0,10,6,2,15,3.536,,1.0,-26.37137,,,467.26788,30.204918,,-4.48867,28.804,0.14194,0.052449998,0.1344,,,,1.266,8627793
NVST,Envista Holdings Corporation,Healthcare,Medical Instruments & Supplies,23.39,3.886990592,45,8,10,10,2,3,12,0.115,,0.56049,0.09673,259.8889,18.369448,1.4825656,1.2497329,,0.00497,51.878,0.00486,1.1695501,0.0717,23.23077,2.4,13.0,0.995,2221646
OGN,Organon & Co.,Healthcare,Drug Manufacturers - General,8.6,2.235853056,45,8,8,13,2,5,9,0.013,-0.558,0.55674,0.23096001,4.5026183,2.241574,0.35484096,2.467719,,0.71623003,974.393,0.0025499999,0.76889,0.0797,9.35714,3.375,7.0,0.544,5905561
PDFS,"PDF Solutions, Inc.",Technology,Software - Application,34.03,1.34462592,45,6,3,12,4,8,12,0.231,-0.474,0.71175003,0.08451,,31.729603,6.5050163,5.085176,,-0.00021,27.908,0.19490999,0.76878,0.059,34.75,,4.0,1.567,288556
PUBM,"PubMatic, Inc.",Technology,Software - Application,7.45,0.34579024,45,0,15,9,4,5,12,-0.053,,0.64444,-0.12388,,49.666664,1.1990701,1.4035418,,-0.02852,18.349,0.00756,0.72125,0.0529,12.16667,2.33333,9.0,1.487,738175
QTRX,Quanterix Corporation,Healthcare,Medical Devices,6.69,0.312495232,45,3,10,9,8,3,12,0.123,,0.51527,-0.62005,,-7.602273,2.4000616,0.99287623,,-0.2928,12.755,0.06192,0.8122,0.0775,7.33333,,3.0,1.003,733756
QUBT,Quantum Computing Inc.,Technology,Computer Hardware,10.18,2.281575168,45,12,8,7,2,7,9,2.802,,0.36446998,-27.09375,,-59.882355,4178.709,2.167341,,-0.1457,0.294,0.111379996,0.40572,0.2458,18.0,,5.0,3.489,21858238
REZI,"Resideo Technologies, Inc.",Industrials,Industrial Distribution,33.65,5.037907968,45,11,12,2,10,1,9,0.02,11.143,0.29132,0.084230006,,12.046555,0.6775935,2.1997778,,-0.20898001,127.968,0.01175,1.00377,0.0571,45.0,1.5,2.0,1.717,1724746
RGNX,REGENXBIO Inc.,Healthcare,Biotechnology,11.6,0.58722784,45,6,12,0,10,2,15,0.229,,-0.48623002,-1.76272,,-5.614035,3.640188,3.6363637,,-0.76875,166.08,0.07936,0.84761,0.1229,31.0,1.54545,11.0,1.068,770531
STUB,"StubHub Holdings, Inc.",Communication Services,Internet Content & Information,14.66,5.392142848,45,3,13,9,4,7,9,0.079,,0.79977995,-2.92278,,11.78902,2.9474442,2.9918365,,,68.346,0.14308,0.63569,0.134,22.81818,2.0,11.0,,3626615
SWBI,"Smith & Wesson Brands, Inc.",Industrials,Aerospace & Defense,10.94,0.486761536,45,5,12,5,4,4,15,-0.039,-0.6,0.26154,0.033010002,52.095238,39.071426,1.0436658,1.3401935,,0.025239998,34.024,0.021,0.5286,0.052800003,13.5,,2.0,1.083,613493
SWIM,"Latham Group, Inc.",Industrials,Building Products & Equipment,6.39,0.7454304,45,9,12,4,8,3,9,0.076,0.392,0.32930002,0.13284001,,35.129192,1.3979397,1.8251928,,-0.02675,77.277,0.07248,0.97169995,0.0695,7.75,2.125,7.0,1.713,716881
TTEK,"Tetra Tech, Inc.",Industrials,Engineering & Construction,38.22,9.968196608,45,14,6,8,4,4,9,0.016,0.383,0.2082,0.14951,28.736841,22.369585,2.158852,5.6139836,,0.13735,55.453,0.00503,1.00653,0.0336,43.5,2.0,6.0,0.899,2335635
UMH,"UMH Properties, Inc.",Real Estate,REIT - Residential,15.59,1.32874624,45,8,9,10,10,4,4,0.103,-0.542,0.54768,0.19034,194.875,91.70588,5.184906,2.2035336,,0.0299,72.898,0.06181,0.82831,0.0442,18.875,1.66667,8.0,1.072,613500
VRCA,Verrica Pharmaceuticals Inc.,Healthcare,Biotechnology,7.21,0.115286904,45,0,9,6,8,7,15,,,0.67017996,0.11343,,-3.225951,3.7395604,-4.014477,,,,0.51835996,0.19917,0.0252,16.5,,4.0,1.457,236703
VRE,"Veris Residential, Inc.",Real Estate,REIT - Residential,15.08,1.668847232,45,8,11,8,8,6,4,0.085,,0.60511,0.19910999,23.936508,-53.857143,5.72802,1.216914,,0.04774,112.357,0.09628,1.01721,0.044899996,17.58333,2.33333,6.0,1.258,699020
XPER,Xperi Inc.,Technology,Software - Application,5.73,0.265501744,45,5,15,10,0,3,12,-0.16,,0.73612,-0.012200001,35.8125,5.8380027,0.5848571,0.6300165,,0.06104,17.346,0.02394,0.90169996,0.0546,11.4,,5.0,0.674,442645
ACHC,"Acadia Healthcare Company, Inc.",Healthcare,Medical Care Facilities,13.05,1.1802976,44,8,14,6,2,2,12,0.044,-0.459,0.41777,0.14036,11.250001,7.4934115,0.36143938,0.37820604,,0.036930002,74.486,0.01836,1.28625,0.2832,19.07143,2.21429,14.0,0.88,3226148
ADTN,"ADTRAN Holdings, Inc.",Technology,Communication Equipment,9.37,0.750686848,44,6,10,6,10,3,9,0.227,,0.37569,-0.00962,,19.830688,0.72523195,5.281849,,-0.1181,44.849,0.01508,0.94628996,0.096599996,12.66667,1.77778,6.0,1.362,1453871
AVNS,"Avanos Medical, Inc.",Healthcare,Medical Devices,12.89,0.598339712,44,3,10,10,8,1,12,0.043,,0.52279,0.00281,,13.568421,0.8548931,0.7690472,,-0.4668,17.185,0.03967,0.98247004,0.09819999,,,,1.079,555953
BOW,Bowhead Specialty Holdings Inc.,Financial Services,Insurance - Property & Casualty,24.63,0.856670016,44,14,14,9,0,3,4,0.233,0.25,0.33297002,0.14573,15.687897,12.534988,1.6498505,1.8732886,,0.13206,0.766,0.03264,0.92021006,0.0726,34.28571,2.14286,7.0,,207058
BSM,"Black Stone Minerals, L.P.",Energy,Oil & Gas E&P,14.99,3.175817472,44,5,5,20,0,5,9,-0.009,-0.017,0.8764,0.93934,12.922414,12.186992,7.693095,3.850501,,0.23898001,8.443,0.20614,0.14564,0.019199999,13.0,3.0,1.0,0.109,449618
BV,"BrightView Holdings, Inc.",Industrials,Specialty Business Services,13.27,1.256669056,44,5,12,6,10,2,9,-0.036,0.063,0.2326,0.08552,102.07693,15.117339,0.4701695,0.9729453,,0.03126,52.875,0.03491,1.05409,0.1724,16.16667,2.0,9.0,1.29,681685
CDNA,"CareDx, Inc.",Healthcare,Diagnostics & Research,20.8,1.107120512,44,6,7,14,6,2,9,0.207,,0.67639,-0.00246,16.25,23.908045,3.0925326,3.43688,,0.24111,8.885,0.03729,1.0186,0.111099996,22.0,,5.0,2.49,895305
CYRX,"CryoPort, Inc.",Industrials,Integrated Freight & Logistics,9.44,0.472650432,44,6,14,6,6,3,9,0.154,,0.45453,-0.22006,,-15.923351,1.9387207,0.99925905,,-0.11304,44.978,0.03846,1.02278,0.0705,13.22222,,9.0,1.545,503706
DAWN,"Day One Biopharmaceuticals, Inc",Healthcare,Biotechnology,11.16,1.14585856,44,0,10,10,4,5,15,-0.576,,0.89444,-0.6094,,-20.548323,8.5721655,2.5415623,,-0.30161,0.642,0.16938,0.85223997,0.16379999,23.55556,1.5,9.0,-1.272,3007208
DCOM,"Dime Community Bancshares, Inc.",Financial Services,Banks - Regional,33.89,1.487579264,44,17,9,5,6,3,4,1.594,,0.0,0.46367002,14.360169,7.71279,3.6291184,1.0936491,,0.07707,,0.04428,0.84645,0.0787,38.6,1.8,5.0,1.107,295985
DMRC,Digimarc Corporation,Technology,Software - Application,6.02,0.130977064,44,0,12,10,4,6,12,-0.192,,0.74854,-1.09663,,-70.82353,3.8908317,3.1551363,,-0.65892,13.091,0.29272,0.60231,0.1288,15.0,,2.0,1.667,201436
ERII,"Energy Recovery, Inc.",Industrials,Pollution & Treatment Controls,14.78,0.786272128,44,5,7,11,8,4,9,-0.171,-0.523,0.66639,0.11444,43.47059,17.807228,5.816009,4.3305006,,0.09413,5.529,0.027209999,0.90549004,0.0274,18.24,,5.0,1.082,490398
INTA,"Intapp, Inc.",Technology,Software - Application,34.33,2.81253632,44,6,10,10,0,6,12,0.17,,0.74366,-0.10033,,24.259943,5.3639345,5.7668405,,-0.06042,4.882,0.097729996,0.88187,0.040900003,57.875,2.2,8.0,0.683,617140
IRT,"Independence Realty Trust, Inc.",Real Estate,REIT - Residential,16.7,4.092412416,44,8,9,12,8,3,4,0.11,-0.41,0.59903,0.23013,185.55556,69.583336,6.173275,1.1437573,,0.00636,63.603,0.00611,1.0160199,0.0727,20.21429,1.71429,14.0,1.01,2755076
JANX,"Janux Therapeutics, Inc.",Healthcare,Biotechnology,13.83,0.83184416,44,12,10,5,2,0,15,21.779,,0.0,-3.5251,,-4.651194,83.18442,0.8514961,,-0.12482,2.32,0.06911,1.0961599,0.22549999,63.58824,1.26316,17.0,2.875,2080501
KRC,Kilroy Realty Corporation,Real Estate,REIT - Office,34.48,4.118852096,44,8,11,11,8,2,4,-0.035,1.977,0.6724,0.28862,12.723247,69.65656,3.6551619,0.7463526,,0.062080003,82.966,0.0097,1.3262199,0.15100001,42.14286,2.88235,14.0,1.111,1472050
LTRX,"Lantronix, Inc.",Technology,Communication Equipment,6.8,0.267638544,44,0,10,7,8,10,9,-0.134,,0.42824,-0.046690002,,20.148148,2.2624862,3.586498,,-0.13394,26.512,0.24096,0.32342,0.0148,7.875,1.25,4.0,1.511,635350
NATL,NCR Atleos Corporation,Technology,Software - Application,37.23,2.75145088,44,11,7,7,4,3,12,0.045,0.214,0.24826,0.101689994,21.274286,7.554283,0.6366152,8.325134,,0.44519,913.595,0.00769,0.99583,0.063200004,45.0,,6.0,0.965,435553
NUS,"Nu Skin Enterprises, Inc.",Consumer Defensive,Household & Personal Products,10.64,0.518700832,44,8,10,12,6,4,4,-0.153,1.036,0.69685,0.05942,4.8584476,7.492958,0.33241722,0.6532016,,0.1455,40.044,0.02185,0.77419,0.0435,,,,0.977,473263
NVAX,"Novavax, Inc.",Healthcare,Biotechnology,9.44,1.5339904,44,5,9,4,4,7,15,-0.166,,0.59419996,-1.12684,4.696517,-26.008373,1.4408387,-9.792531,,,,0.087510005,0.62361,0.3291,12.88889,2.33333,9.0,2.371,4616735
OII,"Oceaneering International, Inc.",Energy,Oil & Gas Equipment & Services,30.4,3.046310912,44,11,8,9,4,3,9,0.093,0.775,0.20435,0.116450004,13.275109,17.010513,1.0768033,3.3413937,,0.28707,98.489,0.01949,0.97138,0.0602,24.5,,4.0,1.244,881635
OPLN,"OPENLANE, Inc.",Consumer Cyclical,Auto & Truck Dealerships,30.17,3.2071808,44,16,8,8,4,4,4,0.084,1.083,0.46671,0.16673,34.67816,21.191412,1.692265,2.2511566,,0.085710004,92.565,0.01872,1.03278,0.0221,32.1875,2.22222,8.0,1.239,925255
PFLT,PennantPark Floating Rate Capit,Financial Services,Asset Management,9.48,0.9405856,44,11,9,10,4,6,4,0.242,-0.379,1.0,0.77628,13.166665,8.039553,3.59789,0.87534624,,0.068,165.355,0.008669999,0.24134001,0.016900001,10.78571,2.125,7.0,0.744,980926
PRCT,PROCEPT BioRobotics Corporation,Healthcare,Medical Devices,29.12,1.627184512,44,9,10,9,2,2,12,0.428,,0.64548,-0.27833,,-26.642757,5.42563,4.278578,,-0.27219,20.755,0.044060003,1.0636901,0.13949999,50.72727,,11.0,0.987,1430671
RNG,"Ringcentral, Inc.",Technology,Software - Application,25.56,2.212594176,44,8,7,7,8,2,12,0.049,,0.71149004,0.0521,182.57143,5.3666244,0.8901575,-4.238806,,,,0.0092400005,1.1193,0.1565,33.06667,,15.0,1.229,1349636
SAIL,"SailPoint, Inc.",Technology,Software - Infrastructure,16.05,9.0140928,44,6,12,9,2,0,15,0.198,,0.64195,-0.14762999,,50.73494,8.864373,1.3197927,,-0.062589996,0.282,0.01249,1.0033699,0.2243,26.81,1.57143,20.0,,1963221
TH,Target Hospitality Corp.,Industrials,Specialty Business Services,6.79,0.67750304,44,3,15,8,8,1,9,0.044,,0.40617,0.00068999996,,-33.39399,2.1539078,1.6836102,,-0.02339,3.302,0.029779999,0.94828004,0.0783,10.5,,2.0,1.344,412425
TRDA,"Entrada Therapeutics, Inc.",Healthcare,Biotechnology,11.66,0.445636224,44,0,12,5,4,8,15,-0.918,,-1.30361,-29.1518,,-2.8425157,7.2437615,1.2272391,,-0.27111998,15.379,0.12239,0.78376,0.041199997,18.0,1.0,3.0,-0.123,245005
TRUP,"Trupanion, Inc.",Financial Services,Insurance - Property & Casualty,32.17,1.389684864,44,16,13,5,4,2,4,0.121,3.333,0.21952,0.01597,89.3611,8.18575,0.992803,3.770069,,0.044889998,31.078,0.05712,0.89469004,0.1304,50.75,2.16667,4.0,1.586,424638
VOXR,Vox Royalty Corp.,Basic Materials,Other Precious Metals & Mining,5.51,0.380120192,44,12,3,14,2,9,4,0.571,,0.96456003,0.21561001,,39.92754,31.264244,3.7029572,,-0.021340001,11.564,0.10238,0.52055,0.0113,6.2625,1.4,4.0,0.389,647043
WRBY,Warby Parker Inc.,Healthcare,Medical Instruments & Supplies,26.86,3.281347072,44,11,4,9,6,2,12,0.152,,0.54394,0.01622,Infinity,54.84543,3.8577762,8.876405,,0.0020299999,62.909,0.07482,0.96782994,0.1073,27.25,1.76923,12.0,2.055,4286078
WSBC,"WesBanco, Inc.",Financial Services,Banks - Regional,35.23,3.384460032,44,20,9,5,0,6,4,0.61,0.15,0.0,0.49800998,15.798206,8.561361,3.7446463,0.8888384,,0.065409996,,0.022720002,0.73801005,0.017,38.57143,2.14286,7.0,,501551
XIFR,"XPLR Infrastructure, LP",Utilities,Utilities - Renewable,9.84,0.924628864,44,0,12,9,6,7,10,-0.013,,0.61476004,0.022219999,,3.6176472,0.7499018,0.2928833,,-0.059070002,53.384,0.02954,0.58981,0.0396,11.41667,3.0,12.0,0.911,1424448
ADAM,"Adamas Trust, Inc.",Real Estate,REIT - Mortgage,8.42,0.76044032,43,8,11,9,4,7,4,0.142,0.006,0.62391996,0.44719002,44.315792,8.448217,3.5078735,0.89422256,,0.035469998,770.993,0.074,0.56270003,0.0322,10.79167,2.28571,6.0,1.171,676061
AI,"C3.ai, Inc.",Technology,Software - Infrastructure,12.26,1.7256352,43,0,9,9,2,8,15,-0.203,,0.51764,-1.49192,,-12.868959,4.8896904,2.226662,,-0.46765998,7.965,0.24218,0.53314996,0.3139,14.45833,3.42857,12.0,1.964,6161800
AMCX,AMC Networks Inc.,Communication Services,Entertainment,7.61,0.33123872,43,8,10,6,8,2,9,-0.063,0.822,0.519,0.106809996,,3.729003,0.14300318,0.31408644,,-0.108660005,174.474,0.040560003,1.05474,0.1625,7.0,3.625,6.0,1.039,406413
AMPY,Amplify Energy Corp.,Energy,Oil & Gas E&P,5.03,0.203594272,43,0,15,8,4,7,9,-0.05,,0.40011,0.12364,,14.371429,0.7381228,0.51807606,,-0.06902,32.453,0.18899,0.41829,0.085,9.125,,2.0,-0.123,754448
AMRC,"Ameresco, Inc.",Industrials,Engineering & Construction,32.37,1.709053568,43,8,14,2,6,4,9,0.05,0.061,0.14673,0.077870004,27.20168,26.991644,0.90725315,1.6175295,,0.06619,224.843,0.08455,0.98718,0.115600005,43.5,1.76923,10.0,2.502,511783
APPN,Appian Corporation,Technology,Software - Infrastructure,28.86,2.136562432,43,6,8,7,4,3,15,0.214,,0.76284,0.07013,,37.490746,3.093083,-43.860184,,,,0.06403,0.93213,0.082399994,41.0,,5.0,0.827,879011
AVO,"Mission Produce, Inc.",Consumer Defensive,Food Distribution,13.29,0.941453952,43,5,14,6,4,10,4,-0.1,-0.042,0.11566,0.08777001,25.075474,16.509317,0.6767208,1.596972,,0.06767,32.408,0.43377998,0.33078,0.0254,17.33333,1.0,3.0,0.563,633655
AXTI,AXT Inc,Technology,Semiconductor Equipment & Materials,16.38,0.88794976,43,6,3,5,8,6,15,0.182,,0.11975,-0.040170003,,-655.19995,9.82354,4.1363635,,-0.09876,28.569,0.059070002,0.30174,0.0874,18.125,1.8,4.0,1.942,5353646
BY,"Byline Bancorp, Inc.",Financial Services,Banks - Regional,31.84,1.458884224,43,11,9,7,2,10,4,0.095,0.119,0.0,0.45707,11.017301,9.955195,3.5584626,1.1437603,,0.110240005,,0.28428,0.54764,0.038900003,35.2,2.16667,5.0,0.859,203841
CHWY,"Chewy, Inc.",Consumer Cyclical,Internet Retail,30.14,12.508056576,43,16,10,6,6,1,4,0.083,13.876,0.29562,0.020920001,61.5102,19.356123,0.9939465,26.625443,,0.59593,119.067,0.024619998,0.93404996,0.062800005,45.61905,1.81481,21.0,1.562,7594546
CNK,Cinemark Holdings Inc Cinemark ,Communication Services,Entertainment,23.23,2.72896512,43,5,10,9,6,4,9,-0.07,-0.664,0.48683998,0.13761,21.118181,10.705069,0.86551386,6.965517,,0.33051997,755.326,0.10532,1.12817,0.1701,31.45455,1.90909,11.0,1.097,3485511
CPSH,CPS Technologies Corp.,Technology,Electronic Components,6.16,0.110752352,43,12,5,6,4,7,9,1.073,,0.12527001,0.03136,,,3.6525946,5.911708,,-0.03841,2.445,0.18261999,0.29034,0.0034999999,6.0,,1.0,1.26,247778
DBX,"Dropbox, Inc.",Technology,Software - Infrastructure,25.83,6.75524608,43,11,5,10,0,2,15,-0.007,0.385,0.80751,0.27569,14.676136,8.652889,2.6717474,-4.3100286,,,,0.06342,1.11254,0.2852,28.57143,,7.0,0.624,3649666
DMLP,"Dorchester Minerals, L.P.",Energy,Oil & Gas E&P,25.4,1.225688448,43,0,5,19,4,6,9,-0.338,-0.742,0.93957,0.31548,23.518517,,8.523385,3.7391431,,0.15389,0.26,0.094189994,0.26681998,0.0117999995,,,,0.589,201045
DNA,"Ginkgo Bioworks Holdings, Inc.",Healthcare,Biotechnology,9.31,0.564094976,43,0,9,7,8,4,15,-0.564,,0.72707003,-2.2728798,,-2.5647383,3.1233456,0.9452737,,-0.50017,75.542,0.03469,0.6978,0.14850001,10.0,,3.0,1.558,1044045
ECC,Eagle Point Credit Company Inc.,Financial Services,Asset Management,5.79,0.757522688,43,8,14,14,0,3,4,0.104,,1.0,0.72648,30.473684,6.209115,3.7440295,0.8274975,,0.03345,35.011,0.0015,0.1188,0.0655,9.6,,5.0,0.264,1642333
ELAN,Elanco Animal Health Incorporat,Healthcare,Drug Manufacturers - Specialty & Generic,24.2,12.024096768,43,8,10,9,4,3,9,0.104,,0.54955,0.02375,345.7143,23.418297,2.6190584,1.7815077,,0.00542,64.069,0.010720001,1.16423,0.0643,25.69231,1.76471,13.0,1.874,5499660
ENR,"Energizer Holdings, Inc.",Industrials,Electrical Equipment & Parts,21.5,1.474268288,43,8,5,11,2,5,12,0.034,-0.222,0.43577,0.16149999,6.4759035,5.6497173,0.499295,8.631072,,1.56362,2079.282,0.11502,0.94421,0.09810001,22.66667,2.66667,6.0,0.612,1337183
EXTR,"Extreme Networks, Inc.",Technology,Communication Equipment,14.37,1.92777856,43,8,10,8,6,2,9,0.138,0.055,0.61294997,0.05286,239.5,11.281383,1.5805635,20.097902,,0.124280006,221.164,0.03202,0.95765996,0.1095,23.375,1.375,8.0,,1464953
FCEL,"FuelCell Energy, Inc.",Industrials,Electrical Equipment & Parts,8.99,0.429153248,43,3,10,5,8,5,12,0.115,,-0.16697,-0.49558,,-3.6963181,2.7133777,0.6249131,,-0.2624,18.126,0.0027,0.25131,0.0996,8.70833,3.375,6.0,1.128,2907566
GNK,Genco Shipping & Trading Limite,Industrials,Marine Shipping,20.75,0.89729568,43,0,12,6,6,10,9,-0.195,,0.34017,0.030869998,,11.631883,2.7081468,1.0128869,,-0.0081,18.476,0.26752,0.56227,0.033800002,24.1,1.5,5.0,1.154,465908
GNTX,Gentex Corporation,Consumer Cyclical,Auto Parts,24.04,5.276524544,43,8,10,13,4,4,4,0.077,-0.139,0.33659,0.18747999,14.224853,12.225014,2.1700654,2.109512,,0.15425,0.522,0.0029,0.98987997,0.0355,29.4375,2.25,8.0,0.773,2273900
GNW,Genworth Financial Inc,Financial Services,Insurance - Life,8.4,3.447644672,43,14,10,7,6,2,4,0.029,0.453,0.08357,0.09922,14.237288,9.333333,0.47234482,0.3838596,,0.03879,23.114,0.01729,0.89909,0.027999999,,,,1.068,4093730
IAC,IAC Inc.,Communication Services,Internet Content & Information,37.63,3.016318208,43,0,12,10,10,2,9,-0.081,,0.74847,-0.034590002,,23.706327,0.82553816,0.60817146,,-0.03582,29.554,0.03113,1.0786799,0.1436,46.25,1.69231,12.0,1.143,1097368
IART,Integra LifeSciences Holdings C,Healthcare,Medical Devices,11.09,0.86403072,43,3,14,6,4,4,12,0.056,,0.57501,0.09922,,4.717704,0.5258969,0.831958,,-0.38711,193.502,0.13958,0.96453005,0.1552,15.5,,8.0,1.027,852811
ILPT,Industrial Logistics Properties,Real Estate,REIT - Industrial,5.35,0.356626912,43,3,12,10,6,8,4,0.018,,0.86254,0.31847,,-6.7721515,0.800583,0.7217051,,-0.12919,459.789,0.17066,0.50736,0.0143,6.85,1.66667,2.0,2.497,328883
KODK,Eastman Kodak Company,Industrials,Specialty Business Services,7.55,0.727820032,43,3,10,6,8,7,9,0.031,,0.2067,0.13011,,,0.6964785,0.9550917,,0.00583,63.763,0.35499,0.39006,0.09060001,,,,1.437,1367448
KRNY,Kearny Financial,Financial Services,Banks - Regional,7.75,0.486952032,43,14,12,5,2,6,4,0.15,0.5,0.0,0.31138,16.48936,8.707866,2.9711583,0.6432069,,0.0431,,0.112849995,0.65847,0.0105,9.0,2.5,2.0,0.678,385693
LYFT,"Lyft, Inc.",Technology,Software - Application,17.75,7.214336512,43,8,9,8,6,0,12,0.107,,0.35257,0.018070001,47.972973,11.898139,1.1499101,12.438683,,0.24525,230.149,0.012560001,0.95237,0.16319999,24.15947,2.54348,38.0,1.949,14604758
MCS,Marcus Corporation (The),Communication Services,Entertainment,15.07,0.47185792,43,5,15,6,4,4,9,-0.102,-0.285,0.40698,0.11128,62.791668,27.907406,0.6624994,1.018725,,0.01685,75.399,0.058590002,0.82872003,0.0387,23.0,1.2,4.0,0.541,219796
MCW,"Mister Car Wash, Inc.",Consumer Cyclical,Auto & Truck Dealerships,5.44,1.781971968,43,11,14,4,8,2,4,0.057,0.153,0.32109,0.20732,20.148148,11.392431,1.710704,1.6123296,,0.08844,159.641,0.02421,1.0267199,0.122,7.38333,1.94118,15.0,1.467,1282833
NTGR,"NETGEAR, Inc.",Technology,Communication Equipment,20.88,0.605698624,43,3,15,7,6,3,9,0.009,,0.36013,-0.02802,,83.52,0.8658132,1.1693547,,-0.04942,9.189,0.046729997,0.94948,0.0589,39.0,1.33333,3.0,1.147,437476
OPRT,Oportun Financial Corporation,Financial Services,Credit Services,5.49,0.242268304,43,5,15,7,8,4,4,-0.062,,0.95052004,0.06429,7.6249995,3.4966815,0.339967,0.63059956,,0.08597,714.804,0.06889,0.84044,0.040700004,8.25,2.0,6.0,1.215,445815
OXLC,Oxford Lane Capital Corp.,Financial Services,Asset Management,14.26,1.384774144,43,11,12,14,0,2,4,0.295,-0.779,1.0,0.72747004,32.409092,2.7161906,2.837687,0.74297917,,0.0021600001,37.778,0.03225,0.0813,0.0162,18.0,,1.0,0.692,1236070
PCRX,"Pacira BioSciences, Inc.",Healthcare,Drug Manufacturers - Specialty & Generic,20.09,0.864297472,43,8,14,10,0,2,9,0.065,,0.65661,0.07327,42.744682,5.896683,1.2057873,1.1870016,,0.02903,58.485,0.01967,1.20311,0.2587,29.71429,2.14286,7.0,0.226,910925
PHR,"Phreesia, Inc.",Healthcare,Health Information Services,13.95,0.841003712,43,9,13,9,2,1,9,0.457,,0.682,-0.46675998,,9.2730465,1.8156189,2.6231666,,-0.01871,2.597,0.04849,1.03261,0.0535,28.63158,1.35,19.0,0.611,1227890
PSTL,"Postal Realty Trust, Inc.",Real Estate,REIT - Office,18.05,0.604904768,43,14,7,10,2,6,4,0.237,3.241,0.78200996,0.38009,36.83673,38.241524,6.6330914,1.7097659,,0.054429997,100.496,0.05019,0.72761,0.0178,18.5,1.71429,7.0,0.747,226308
SMR,NuScale Power Corporation,Industrials,Specialty Industrial Machinery,18.92,5.351398912,43,12,8,4,2,8,9,16.352,,0.66764,-5.26838,,-31.746567,83.75301,3.8260868,,-2.97544,,0.44414002,0.37657002,0.1912,34.19231,2.5,13.0,2.132,26120411
UPWK,Upwork Inc.,Communication Services,Internet Content & Information,21.02,2.787390208,43,3,5,18,6,2,9,0.041,0.05,0.77796,0.15693,12.08046,14.773893,3.5696507,4.3974895,,0.47524,59.081,0.0752,0.96566004,0.22540002,23.9,1.90909,10.0,1.014,3596361
VECO,Veeco Instruments Inc.,Technology,Semiconductor Equipment & Materials,32.74,1.97412672,43,5,8,9,4,2,15,-0.102,-0.526,0.40927,0.0793,39.445786,20.708675,2.8971288,2.248472,,0.060700003,29.958,0.02242,1.07605,0.1042,33.5,2.2,4.0,1.167,663675
WNC,Wabash National Corporation,Industrials,Farm & Heavy Construction Machinery,9.94,0.40692592,43,0,14,9,10,1,9,-0.178,,0.07269,0.1516,0.00079278165,27.093327,0.24841109,0.9617803,,0.84011,109.088,0.043330003,0.94626,0.0748,13.5,2.0,2.0,1.67,556306
WTRG,"Essential Utilities, Inc.",Utilities,Utilities - Regulated Water,38.71,10.958135296,43,9,9,11,6,4,4,0.096,0.307,0.59373003,0.35532,16.129166,17.328594,4.604477,1.6069574,,0.10286,117.021,0.0018799999,0.84976,0.025799999,43.0,2.55556,7.0,0.803,1998716
ZBIO,"Zenas BioPharma, Inc.",Healthcare,Biotechnology,20.88,1.120820992,43,5,6,5,4,8,15,,,0.0,-13.0464,1.5274323,-5.299492,74.7214,4.487427,,-0.68325996,0.406,0.26497,0.6401,0.1512,40.75,,8.0,,675555
ALKT,"Alkami Technology, Inc.",Technology,Software - Application,21.19,2.225035008,42,9,10,4,2,5,12,0.315,,0.58358,-0.11185,,23.149868,5.393972,6.3557286,,-0.12737,108.091,0.2471,0.93834,0.1094,31.88889,1.7,9.0,0.532,1522408
ANGO,"AngioDynamics, Inc.",Healthcare,Medical Instruments & Supplies,9.98,0.411349472,42,3,13,9,2,3,12,0.09,,0.54576,-0.03135,,-90.72727,1.3385664,2.3532183,,-0.15263,6.686,0.06435,0.92314005,0.0533,19.33333,,3.0,0.472,592300
BBDC,"Barings BDC, Inc.",Financial Services,Asset Management,9.12,0.959049472,42,8,9,10,4,7,4,0.022,0.075,1.0,0.77978,9.5,9.344262,3.4025016,0.82191783,,0.08598,138.802,0.00585,0.46734002,0.0070999996,9.7,,5.0,0.663,653686
BCRX,"BioCryst Pharmaceuticals, Inc.",Healthcare,Drug Manufacturers - Specialty & Generic,6.67,1.65442048,42,9,10,8,4,2,9,0.361,,0.6843,0.18565,,15.880953,2.7582133,-3.6190991,,,,0.01318,0.85093004,0.2058,21.77778,1.33333,9.0,0.8,4438196
BTZ,BlackRock Credit Allocation Inc,Financial Services,Asset Management,10.63,0.992038976,42,8,7,14,4,5,4,-0.068,2.46,1.0,0.89595,9.663636,,9.59362,0.93541,,0.097729996,55.476,0.0,0.35614,0.0007,,,,0.768,257515
BXSL,Blackstone Secured Lending Fund,Financial Services,Asset Management,25.94,5.997856768,42,8,9,12,0,9,4,0.045,-0.229,1.0,0.80433,9.788679,8.845062,4.2424135,0.95557356,,0.100209996,122.129,0.08708999,0.42689,0.0279,29.2,,10.0,0.441,1768646
CLB,Core Laboratories Inc.,Energy,Oil & Gas Equipment & Services,19.64,0.920995008,42,11,8,8,4,2,9,0.001,0.2,0.19948,0.11913,28.88235,26.303453,1.7796936,3.3355978,,0.12262999,60.241,0.012410001,1.14887,0.2339,15.83333,3.0,3.0,1.039,400093
CTO,"CTO Realty Growth, Inc.",Real Estate,REIT - Diversified,17.53,0.57743136,42,6,11,9,6,6,4,0.187,-0.824,0.74958,0.23238,,159.36365,3.9294946,1.0279717,,-0.05804,109.263,0.04403,0.66786003,0.042,21.16667,1.0,6.0,0.661,265670
DSGN,"Design Therapeutics, Inc.",Healthcare,Biotechnology,10.57,0.60210688,42,0,7,5,6,9,15,,,0.0,0.0,,-8.155864,,3.0148315,,-0.29832,0.873,0.35968,0.58938,0.0615,14.4,1.4,5.0,1.64,428330
EIM,100401,Financial Services,Asset Management,9.92,0.509616192,42,12,5,14,4,3,4,0.651,,1.0,0.83271,,,12.536039,0.9316304,,-0.03111,54.285,0.0001,0.32974997,,,,,0.557,212031
EVMN,"Evommune, Inc.",Healthcare,Biotechnology,21.65,0.682496576,42,0,5,10,4,8,15,,,1.0,-1.3328,,-8.090433,52.499737,-0.18382353,,,1.036,0.12132,0.42169,0.0671,39.16667,1.125,6.0,,262041
HAFC,Hanmi Financial Corporation,Financial Services,Banks - Regional,26.57,0.795912512,42,14,11,5,4,4,4,0.157,0.205,0.0,0.43513,10.585657,8.125382,3.1123645,0.9907155,,0.09956,,0.01969,0.93426,0.0231,31.75,2.25,4.0,,266510
HI,Hillenbrand Inc,Industrials,Specialty Industrial Machinery,31.89,2.253196032,42,13,10,2,6,2,9,-0.221,4.217,0.34168997,0.11103,52.278687,12.265385,0.84269434,1.6212506,,0.03616,113.853,0.01066,0.92941004,0.0367,32.0,,1.0,1.395,836765
HNGE,"Hinge Health, Inc.",Healthcare,Health Information Services,36.22,2.851217408,42,12,9,10,2,0,9,0.533,,0.78822,-0.03951,,22.988506,5.3354616,13.7093115,,,2.215,0.053319998,1.05795,0.1286,63.0625,1.52941,16.0,,1504790
HOMB,"Home BancShares, Inc.",Financial Services,Banks - Regional,28.94,5.684464128,42,11,11,7,4,5,4,0.088,0.2,0.0,0.56701,12.314895,10.949802,5.312762,1.3224878,,0.115150005,,0.06539,0.73524004,0.052800003,33.375,2.22222,8.0,0.77,1182146
HTFL,"Heartflow, Inc.",Healthcare,Health Information Services,30.82,2.624591616,42,9,2,10,6,6,9,0.405,,0.75601,-0.32628,,-56.761883,16.213093,10.1049185,,,8.559,0.02419,0.70015,0.041300002,38.5,1.66667,6.0,,726933
HYT,Blackrock Corporate High Yield ,Financial Services,Asset Management,8.87,1.446235648,42,6,7,17,4,4,4,-0.026,0.448,1.0,0.91611,8.696078,,9.892952,0.9153767,,0.105950005,29.51,0.0005,0.22117001,0.024600001,,,,0.639,995146
INGM,Ingram Micro Holding Corporatio,Technology,Information Technology Services,21.35,5.018801152,42,11,12,1,4,2,12,0.072,0.214,0.06808,0.021440001,16.550388,6.6743155,0.09836307,1.222165,,0.07506,104.133,0.01054,1.01403,0.1401,24.91667,2.21429,12.0,,397398
KREF,KKR Real Estate Finance Trust I,Real Estate,REIT - Mortgage,8.44,0.554306496,42,12,9,9,4,4,4,2.451,,0.60208,0.41959,,13.012642,8.938697,0.60393554,,-0.0029699998,363.234,0.02465,0.77835,0.1094,10.15,2.16667,5.0,0.918,901810
LOCO,"El Pollo Loco Holdings, Inc.",Consumer Cyclical,Restaurants,10.15,0.304453824,42,11,14,4,6,3,4,0.009,0.19,0.21863002,0.09761,11.534091,10.463917,0.6332037,1.0762379,,0.09625,89.188,0.028889999,0.92410004,0.0738,14.5,2.2,3.0,0.878,263488
LTC,"LTC Properties, Inc.",Real Estate,REIT - Healthcare Facilities,36.18,1.722681472,42,14,7,12,2,3,4,0.331,,0.80200994,0.45762002,50.25,18.94241,7.5893397,1.7879027,,0.03816,90.617,0.0209,0.81181,0.0694,38.14286,2.875,7.0,0.614,413331
MPW,"Medical Properties Trust, Inc.",Real Estate,REIT - Healthcare Facilities,5.05,3.037575168,42,3,9,10,8,8,4,0.099,,0.96366,0.5818,,42.083336,3.0100036,0.6513608,,-0.13974,206.295,0.17643999,0.57623,0.36060002,5.16667,,6.0,1.464,7118203
MRAM,"Everspin Technologies, Inc.",Technology,Semiconductors,13.39,0.306048736,42,6,5,9,2,5,15,0.163,-0.977,0.51312,-0.10989001,,44.63333,5.705394,4.630014,,-0.00908,5.573,0.0614,0.59992003,0.0249,10.5,,2.0,0.792,450758
MRTN,"Marten Transport, Ltd.",Industrials,Trucking,12.69,1.034770176,42,5,10,6,6,6,9,-0.088,-0.422,0.24049,0.00602,60.42857,29.349184,1.1710155,1.3479924,,0.022720002,0.025,0.29381,0.69843,0.0554,14.0,3.0,2.0,0.894,809280
NGNE,Neurogene Inc.,Healthcare,Biotechnology,18.89,0.292602304,42,0,10,5,8,4,15,,,0.0,0.0,,-4.124454,Infinity,1.0510794,,-0.42253,3.844,0.085439995,1.04801,0.28370002,57.2,1.0,5.0,2.026,202643
NOG,"Northern Oil and Gas, Inc.",Energy,Oil & Gas E&P,24.82,2.422505728,42,5,12,10,4,2,9,-0.087,,0.77059996,0.42503,13.6373625,9.765119,1.1814784,1.0742264,,0.07951,104.522,0.029930001,1.19439,0.3342,29.9,2.18182,10.0,0.988,2232893
OMDA,"Omada Health, Inc.",Healthcare,Health Information Services,15.04,0.870937024,42,9,10,4,2,8,9,0.495,,0.64305997,-0.03694,,558.69244,3.748513,4.0053263,,,,0.13084,0.75665003,0.0287,26.27273,1.72727,11.0,,1016568
ONB,Old National Bancorp,Financial Services,Banks - Regional,24.4,9.534861312,42,17,9,5,4,3,4,0.414,0.172,0.0,0.47642,13.631285,8.524166,4.144572,1.1523023,,0.090229996,,0.0062599997,0.97427005,0.0633,27.23077,1.84615,13.0,0.832,2759281
ONDS,Ondas Inc,Technology,Communication Equipment,11.27,4.780724224,42,12,5,5,6,5,9,5.82,,0.33571,-1.53526,,-125.22222,193.16899,7.640678,,-0.17007999,3.701,0.016239999,0.31937,0.20040001,18.375,1.25,8.0,2.4,103704811
OUST,"Ouster, Inc.",Technology,Electronic Components,23.48,1.408922496,42,9,6,7,6,5,9,0.408,,0.41856,-0.61355996,,-55.904762,10.261785,5.689363,,-0.42033002,6.425,0.045440003,0.56562,0.105100006,39.5,1.0,6.0,2.935,2062270
PD,"PagerDuty, Inc.",Technology,Software - Application,10.51,0.980019712,42,3,13,12,0,2,12,0.047,,0.84446996,0.07695,6.5279503,8.799103,2.0032823,3.0011423,,0.66134,120.396,0.05296,0.93843,0.105399996,16.14286,,7.0,0.627,2258498
SILA,"Sila Realty Trust, Inc.",Real Estate,REIT - Healthcare Facilities,24.41,1.346491008,42,3,9,14,6,6,4,0.081,0.0,0.87419,0.401,34.380283,,6.962892,0.99393296,,0.02854,53.367,0.00976,0.67227,0.048499998,28.5,1.83333,5.0,0.126,362561
TDUP,ThredUp Inc.,Consumer Cyclical,Internet Retail,5.19,0.649486464,42,9,10,7,10,2,4,0.336,,0.7957,-0.05341,,-49.903847,2.1767383,10.995763,,-0.35371,91.918,0.046350002,0.86721003,0.1534,12.5,1.33333,4.0,1.733,1940510
TRIN,Trinity Capital Inc.,Financial Services,Asset Management,17.06,1.291157888,42,6,9,14,2,7,4,0.226,-0.108,1.0,0.75317,7.7194567,8.171828,4.812886,1.2815504,,0.16182,118.199,0.04473,0.30136,0.0321,16.7,1.7,10.0,0.605,1023956
UNCY,"Unicycive Therapeutics, Inc.",Healthcare,Biotechnology,6.67,0.143347616,42,0,8,5,8,6,15,,,0.0,0.0,,1.1283569,,3.7096775,,-1.0228701,0.707,0.029289998,0.35814,0.0767,46.5,1.25,8.0,1.845,443695
WBTN,WEBTOON Entertainment Inc.,Communication Services,Internet Content & Information,12.59,1.679914368,42,3,12,5,6,7,9,0.087,,0.23058,-0.03936,,35.971428,1.1957825,1.1063269,,-0.08489,1.67,0.60758996,0.20454,0.2045,15.8125,1.88889,8.0,,491150
WEAV,"Weave Communications, Inc.",Healthcare,Health Information Services,6.46,0.5040464,42,6,11,9,4,3,9,0.171,,0.71927,-0.14036,,53.905205,2.1935089,6.40873,,-0.44645,67.475,0.04388,0.82885003,0.0876,10.2,,5.0,1.7,1484930
ZUMZ,Zumiez Inc.,Consumer Cyclical,Apparel Retail,24.78,0.42001056,42,8,10,8,6,6,4,0.046,0.012,0.35244998,0.14923,60.439026,21.736843,0.45807225,1.1670513,,0.027880002,57.202,0.22548,0.77936,0.0936,24.0,,1.0,0.859,251350
AARD,"Aardvark Therapeutics, Inc.",Healthcare,Biotechnology,13.35,0.290673184,41,0,8,5,6,7,15,,,0.0,0.0,,-3.719813,,2.3720684,,-0.48061,0.445,0.14552,0.53266,0.1144,32.63636,1.16667,11.0,,203170
AHH,"Armada Hoffler Properties, Inc.",Real Estate,REIT - Diversified,6.91,0.716321152,41,5,12,6,8,6,4,-0.488,,0.42644,0.24607,31.40909,25.59259,1.5825546,1.1840302,,0.03556,190.928,0.01413,0.77037,0.048,8.1,2.0,5.0,1.064,890528
AMTB,Amerant Bancorp Inc.,Financial Services,Banks - Regional,21.73,0.920246208,41,8,10,5,8,6,4,0.057,-0.835,0.0,0.29338,17.24603,8.246679,2.3345244,0.9388231,,0.05731,,0.01476,0.70347,0.028800001,24.5,2.0,4.0,1.023,275590
APPS,"Digital Turbine, Inc.",Technology,Software - Application,5.41,0.606725504,41,6,11,3,6,3,12,0.182,,0.45775002,0.048979998,,8.387597,1.1554651,4.083019,,-0.46873,273.345,0.05685,0.64985,0.1037,8.75,,2.0,2.256,3175588
ARCC,Ares Capital Corporation,Financial Services,Asset Management,20.16,14.451224576,41,3,9,12,6,7,4,0.009,-0.082,1.0,0.71355003,10.130653,10.365945,4.788345,1.0078489,,0.100609995,109.154,0.00545,0.33585,0.0251,22.69231,1.57143,13.0,0.62,4592735
ARCT,Arcturus Therapeutics Holdings ,Healthcare,Biotechnology,7.57,0.215096112,41,0,15,5,4,2,15,-0.588,,-0.96713996,-0.96274,,-2.8463356,2.203831,0.91813225,,-0.27427998,11.572,0.0754,0.87044996,0.38189998,33.55556,1.66667,9.0,2.24,737506
ARVN,"Arvinas, Inc.",Healthcare,Biotechnology,13.38,0.98232736,41,0,9,10,6,1,15,-0.591,,1.0,-1.05012,,-4.5513763,3.1454606,1.6783743,,-0.1017,1.648,0.07881,0.96300006,0.0801,12.8125,2.15789,16.0,1.895,1504981
ASLE,AerSale Corporation,Industrials,Airports & Air Services,7.37,0.347753536,41,5,10,5,4,8,9,-0.139,,0.30828,0.040359996,67.0,11.515625,1.0255494,0.8338047,,0.01354,37.792,0.19447,0.61003,0.0287,8.0,,2.0,0.121,384111
AVAH,Aveanna Healthcare Holdings Inc,Healthcare,Medical Care Facilities,8.34,1.742320896,41,11,9,2,4,3,12,0.222,,0.33568,0.10998999,22.54054,13.427141,0.7606425,177.44682,,,15231.561,0.054380003,0.92222,0.0664,11.0,2.09091,10.0,2.056,1221216
AXTA,Axalta Coating Systems Ltd.,Basic Materials,Specialty Chemicals,34.1,7.27501056,41,8,8,9,8,4,4,-0.024,0.109,0.34592,0.15761,16.31579,12.781588,1.4082482,3.1916883,,0.21327999,146.323,0.00399,1.05031,0.0256,36.71429,2.1875,14.0,1.296,3977375
BNL,"Broadstone Net Lease, Inc.",Real Estate,REIT - Diversified,18.37,3.630243328,41,8,7,12,6,4,4,0.053,-0.264,0.94765,0.50846,39.08511,25.997736,8.10371,1.2049853,,0.02991,78.084,0.00999,0.85485,0.0403,20.18182,1.72727,11.0,1.032,1835926
CENTA,Central Garden & Pet Company,Consumer Defensive,Packaged Foods,30.12,1.912706176,41,8,14,5,6,4,4,0.013,,0.32051998,0.00054000004,11.811766,10.150437,0.611271,1.1960449,,0.10435,90.875,0.03393,0.98046,0.0272,42.5,1.8,4.0,0.619,312025
CGBD,"Carlyle Secured Lending, Inc.",Financial Services,Asset Management,12.33,0.89889376,41,11,9,10,0,7,4,0.188,-0.056,1.0,0.74644,10.629311,8.329055,3.6688342,0.7537136,,0.07045,109.614,0.00599,0.38272998,0.0109,13.35714,2.75,7.0,0.731,512366
CWK,Cushman & Wakefield Ltd.,Real Estate,Real Estate Services,16.63,3.851583488,41,16,10,3,4,4,4,0.112,0.571,0.18332,0.04125,17.505262,11.477118,0.3850082,1.9675816,,0.1221,158.897,0.00503,0.97773004,0.040999997,18.395,2.25,10.0,1.477,1698420
DMAC,DiaMedica Therapeutics Inc.,Healthcare,Biotechnology,8.47,0.441095936,41,0,5,5,8,8,15,,,0.0,0.0,,-11.203704,,8.546923,,-0.64116997,0.515,0.26305,0.45362,0.1168,15.5,1.0,4.0,1.139,407960
EHAB,"Enhabit, Inc.",Healthcare,Medical Care Facilities,10.54,0.53427664,41,3,10,6,6,4,12,0.039,,0.48979,0.06373,,17.422638,0.50990325,0.9334868,,-0.016900001,86.472,0.03437,1.02739,0.0358,11.75,1.66667,6.0,1.278,469400
ENVX,Enovix Corporation,Industrials,Electrical Equipment & Parts,7.13,1.55193344,41,12,6,0,4,7,12,0.851,,0.09104,-5.8789697,,-11.914708,51.264606,5.0855923,,-0.68052,182.692,0.11461,0.51012003,0.3134,26.9,1.36364,10.0,2.123,6763048
FHN,First Horizon Corporation,Financial Services,Banks - Regional,24.42,12.024264704,41,19,9,7,0,2,4,0.237,0.749,0.0,0.39751998,13.058824,10.478124,3.5839834,1.3936765,,0.10935,,0.00756,0.95733,0.025,27.31579,2.21053,19.0,0.619,6256433
FIG,"Figma, Inc.",Technology,Software - Application,27.07,13.415667712,41,9,5,10,0,5,12,0.38,,0.84758,-4.14621,,113.62015,13.845473,9.606103,,,4.41,0.03714,0.73981005,0.0744,56.0,,9.0,,7607010
GDEN,"Golden Entertainment, Inc.",Consumer Cyclical,Resorts & Casinos,27.13,0.71010016,41,5,10,5,8,9,4,-0.04,,0.53944,0.01798,123.31818,31.36416,1.1035225,1.6356182,,0.011510001,117.222,0.26201,0.71202004,0.0403,30.5,,4.0,1.505,416185
GGN,"GAMCO Global Gold, Natural Reso",Financial Services,Asset Management,5.62,0.877049152,41,11,5,19,0,2,4,0.013,2.54,1.0,0.61373,6.3863635,,40.456345,1.2444642,,0.18195999,2.63,5e-05,0.12654,0.00029999999,,,,0.334,621466
HOPE,"Hope Bancorp, Inc.",Financial Services,Banks - Regional,11.99,1.537137792,41,17,9,5,2,4,4,0.284,0.339,0.0,0.31164,24.979166,8.672694,3.3683088,0.6732173,,0.027880002,,0.0469,0.91466004,0.0274,12.875,2.5,4.0,0.842,980266
HRZN,Horizon Technology Finance Corp,Financial Services,Asset Management,6.69,0.309858368,41,11,9,10,4,3,4,0.071,2.417,1.0,0.84592,,6.4785404,3.1330788,0.93907917,,-0.07269,134.314,0.011569999,0.07728,0.0744,6.75,3.0,4.0,0.968,727948
HTH,Hilltop Holdings Inc.,Financial Services,Financial Conglomerates,36.8,2.318464768,41,11,10,4,2,10,4,0.085,0.612,0.0,0.18275,14.719999,16.158068,1.8409294,1.0311878,,0.07552,,0.31309,0.57916,0.032,35.66667,,3.0,0.909,340698
HTLD,"Heartland Express, Inc.",Industrials,Trucking,10.35,0.801582016,41,0,10,5,8,9,9,-0.244,,0.27121,-0.07092,,-77.36005,0.9224932,1.0330373,,-0.04354,24.245,0.39581,0.50623,0.0515,9.3,,5.0,1.124,567565
LKQ,LKQ Corporation,Consumer Cyclical,Auto Parts,32.62,8.392903168,41,8,12,8,6,3,4,0.013,-0.038,0.39058,0.08231,12.081481,10.032694,0.595368,1.2756139,,0.10882,83.675,0.00455,1.05135,0.074200004,41.1875,1.77778,8.0,0.899,4136438
LPTH,"LightPath Technologies, Inc.",Technology,Electronic Components,11.49,0.612647616,41,12,2,5,6,7,9,0.793,,0.26830998,-0.080970004,,127.66666,13.968085,23.9375,,-0.37932998,27.597,0.02493,0.45923,0.0403,13.4,1.0,5.0,0.991,2164983
LXU,"LSB Industries, Inc.",Basic Materials,Chemicals,9.57,0.6885088,41,9,12,4,2,10,4,0.423,,0.118190005,0.10313,,24.197218,1.1768073,1.3655822,,-0.00133,97.957,0.25831,0.59825003,0.0269,11.15,2.0,5.0,0.756,466930
LZB,La-Z-Boy Incorporated,Consumer Cyclical,"Furnishings, Fixtures & Appliances",36.77,1.516724608,41,8,12,8,8,1,4,0.003,-0.014,0.43787998,0.0692,17.023148,12.08216,0.71972835,1.4589534,,0.08841,47.831,0.0273,1.01019,0.0689,42.5,,2.0,1.281,531673
MASS,908 Devices Inc.,Healthcare,Medical Devices,6.35,0.229825392,41,0,14,7,6,2,12,-0.035,,0.48685002,-0.401,,-24.423077,3.533329,1.682565,,-0.54422003,3.194,0.083179995,0.90723,0.1865,10.0,1.0,2.0,0.48,446461
MGM,MGM Resorts International,Consumer Cyclical,Resorts & Casinos,33.34,9.11870464,41,8,10,6,8,5,4,0.016,,0.44646,0.051620003,166.7,15.416842,0.52773404,3.3916583,,0.10293,913.283,0.25267,0.69935,0.1518,41.5,2.40909,18.0,1.461,4444556
MUR,Murphy Oil Corporation,Energy,Oil & Gas E&P,31.08,4.436322304,41,5,10,13,2,2,9,-0.043,,0.7662,0.15671,43.166664,14.727553,1.615361,0.8661966,,0.03401,42.27,0.06459,0.94835997,0.1517,30.73333,3.05882,15.0,0.771,2270805
NPCE,"Neuropace, Inc.",Healthcare,Medical Devices,15.32,0.510274464,41,6,6,5,8,4,12,0.299,,0.76773,-0.09505,,-21.278072,5.3790107,27.553957,,-1.69267,384.388,0.02718,0.92743,0.045,19.375,1.125,8.0,1.86,253580
OCFC,OceanFirst Financial Corp.,Financial Services,Banks - Regional,18.62,1.068612416,41,8,12,5,8,4,4,0.112,-0.36,0.0,0.32151002,15.914531,7.863176,2.748821,0.6427561,,0.04221,,0.03271,0.81273,0.0434,21.6,2.16667,5.0,1.055,534511
OFG,OFG Bancorp,Financial Services,Banks - Regional,39.74,1.746780544,41,8,10,9,6,4,4,-0.0,0.164,0.0,0.31246,8.676856,8.635376,2.7996418,1.2366965,,0.15512,,0.01367,0.98999,0.0273,44.4,2.0,5.0,0.777,266083
OUT,OUTFRONT Media Inc.,Real Estate,REIT - Specialty,24.58,4.110625536,41,14,5,10,4,4,4,0.035,0.455,0.49166,0.19594,33.67123,25.763039,2.269058,7.5747304,,0.17291,603.116,0.060539998,1.12989,0.044699997,24.2,,5.0,1.552,1586805
PAL,"Proficient Auto Logistics, Inc.",Industrials,Integrated Freight & Logistics,10.06,0.279970176,41,6,12,5,2,7,9,0.249,,0.18180001,-0.0013400001,,19.161907,0.6690043,0.82703066,,-0.03255,26.244,0.13868,0.73586,0.0591,12.33333,,3.0,,205750
SBET,"SharpLink Gaming, Inc.",Consumer Cyclical,Gambling,9.37,1.843015168,41,12,10,10,0,5,4,11.299,,0.83322,9.675839,,5.6787877,140.62344,0.5869089,,-0.00068000006,,0.0094,0.33402002,0.1317,24.0,,6.0,11.907,8920033
SBH,"Sally Beauty Holdings, Inc. (Na",Consumer Cyclical,Specialty Retail,15.12,1.485789312,41,8,10,11,6,2,4,0.013,0.089,0.51622003,0.05928,8.0,6.743978,0.40141016,1.8632163,,0.27535,196.796,0.01219,1.23363,0.2508,17.2,2.6,5.0,1.121,1787775
SDRL,Seadrill Limited,Energy,Oil & Gas Drilling,38.67,2.412009216,41,8,10,7,4,3,9,0.054,,0.27161,0.0767,82.27659,28.376442,1.8454546,0.8418967,,0.011770001,21.955,0.00446,1.05529,0.0907,43.71429,2.14286,7.0,1.626,780380
SFD,"Smithfield Foods, Inc.",Consumer Defensive,Packaged Foods,23.73,9.328564224,41,8,12,8,4,5,4,0.124,-0.176,0.13352,0.08113,10.689189,9.986449,0.61146855,1.4427285,,0.14025,35.564,0.8831,0.12788999,0.1043,29.35714,,7.0,,873745
SFNC,Simmons First National Corporat,Financial Services,Banks - Regional,20.32,2.941580288,41,12,10,5,6,4,4,0.193,0.428,0.0,0.42479,,9.562353,-2243.7683,0.8766934,,-0.12417,,0.01342,0.80644995,0.038900003,23.0,2.28571,7.0,0.906,1101013
SGMT,Sagimet Biosciences Inc. - Seri,Healthcare,Biotechnology,5.36,0.174315776,41,0,10,5,6,5,15,,,0.0,0.0,,-2.8044474,,1.4616853,,-0.39782003,0.096,0.059439998,0.41050997,0.111499995,25.625,1.33333,8.0,3.437,542911
SHO,"Sunstone Hotel Investors, Inc. ",Real Estate,REIT - Hotel & Motel,8.96,1.701532288,41,8,10,8,8,3,4,0.013,,0.42898998,0.05185,448.0,68.92308,1.8141357,1.0139188,,0.008909999,47.298,0.01368,1.0390899,0.0758,10.0,2.36364,11.0,1.023,1856181
SOUN,"SoundHound AI, Inc.",Technology,Software - Application,9.08,3.8144704,41,12,5,7,0,5,12,0.676,,0.39745998,-1.08792,,-118.429634,25.703285,9.527806,,-0.89946,1.208,0.011080001,0.50450003,0.30719998,16.3125,,8.0,2.879,27083866
SPT,"Sprout Social, Inc",Technology,Software - Application,8.7,0.514947328,41,3,13,9,2,2,12,0.126,,0.77805,-0.0642,,9.706897,1.1604446,2.6516306,,-0.2669,30.56,0.016619999,0.97659,0.1038,15.6,,10.0,0.805,1207241
TARA,"Protara Therapeutics, Inc.",Healthcare,Biotechnology,7.0,0.375110816,41,0,8,5,6,7,15,,,0.0,0.0,,-4.8076925,,2.042007,,-0.49421,2.764,0.02261,0.52192,0.0479,25.5,1.14286,6.0,1.419,992565
TGNA,TEGNA Inc,Communication Services,Broadcasting,18.88,3.040751872,41,5,10,10,4,3,9,-0.193,-0.742,0.39450002,0.15893,9.033493,6.2534986,1.057133,0.97576094,,0.11449,83.116,0.010570001,0.96301,0.0832,21.66667,3.0,3.0,0.133,1329413
UTI,Universal Technical Institute I,Consumer Defensive,Education & Training Services,28.04,1.542652032,41,3,10,13,8,3,4,0.133,-0.036,0.56376,0.11233,24.81416,30.150537,1.8461255,4.651626,,0.21422,85.003,0.02733,0.95358,0.0538,37.33333,,6.0,1.373,736155
UTZ,Utz Brands Inc,Consumer Defensive,Packaged Foods,10.31,0.902225856,41,8,14,3,6,6,4,0.034,,0.34178,0.01006,171.83334,11.587786,0.6275563,1.2439672,,-0.0016500001,76.059,0.18165001,0.90330005,0.0995,14.6,1.81818,10.0,0.91,1578006
VFC,V.F. Corporation,Consumer Cyclical,Apparel Manufacturing,20.11,7.86830592,41,16,6,6,8,1,4,0.016,2.543,0.54027003,0.11286,35.280704,19.502499,0.8246788,5.2685356,,0.063930005,391.86,0.00925,0.91931,0.0717,19.73684,2.82609,19.0,1.685,6329440
VYX,NCR Voyix Corporation,Technology,Information Technology Services,10.04,1.390515072,41,0,15,2,10,2,12,-0.034,,0.23634,0.0848,,9.627371,0.52412933,1.6373124,,-0.04065,118.416,0.00682,1.1466401,0.2611,15.8125,1.5,8.0,1.576,2127168
WWW,"Wolverine World Wide, Inc.",Consumer Cyclical,Footwear & Accessories,17.46,1.431159424,41,8,10,9,8,2,4,0.068,0.068,0.46583998,0.08569,16.317755,12.894268,0.77297294,3.7989552,,0.27628002,210.256,0.01911,1.13685,0.13939999,21.33333,2.0,9.0,1.939,2019046
ACHR,Archer Aviation Inc.,Industrials,Aerospace & Defense,7.43,5.454431232,40,0,8,5,4,8,15,,,0.0,0.0,,-10.110495,,2.925197,,-0.59133,5.356,0.17255,0.49668,0.1329,11.61111,1.88889,9.0,3.106,49732488
ADPT,Adaptive Biotechnologies Corpor,Healthcare,Biotechnology,18.37,2.80445952,40,12,0,6,4,3,15,1.024,,0.6508,0.1095,,-31.517004,11.095609,13.708956,,-0.37208998,104.596,0.02066,0.95735,0.0756,20.14286,1.5,7.0,2.181,2391598
AEO,"American Eagle Outfitters, Inc.",Consumer Cyclical,Apparel Retail,23.31,3.951324672,40,14,8,6,6,2,4,0.057,0.293,0.36951,0.082609996,20.628319,13.812842,0.73986405,2.4311638,,0.12362,121.281,0.0689,0.99592,0.1584,25.77778,3.0,9.0,1.372,7546053
ALGM,"Allegro MicroSystems, Inc.",Technology,Semiconductors,37.98,7.030820864,40,3,2,7,6,7,15,0.144,,0.44781,0.02913,,40.123817,8.9178915,7.529738,,-0.02984,32.638,0.33113,0.75242996,0.1122,39.91667,1.33333,12.0,1.605,2042473
AMRX,"Amneal Pharmaceuticals, Inc.",Healthcare,Drug Manufacturers - Specialty & Generic,14.11,4.4356608,40,8,5,4,4,10,9,0.117,,0.37265,0.11889,1411.0,15.065933,1.5113194,-40.54598,,,,0.46427,0.50017,0.0334,14.4,,5.0,1.347,1899046
AMTM,"Amentum Holdings, Inc.",Industrials,Specialty Business Services,37.12,9.046591488,40,17,8,3,0,3,9,0.774,-0.432,0.107480004,0.036429998,137.48148,13.504762,0.62854105,2.0060527,,0.01287,90.195,0.02123,1.04582,0.0543,36.18182,2.27273,11.0,,2198305
CCC,CCC Intelligent Solutions Holdi,Technology,Software - Application,7.53,4.903953408,40,3,11,11,0,3,12,0.12,,0.75125,0.112959996,,17.988104,4.7815456,2.2880585,,-8.0000005e-05,51.594,0.047470003,1.05194,0.079,11.26923,,13.0,0.658,7769420
CIVI,"Civitas Resources, Inc.",Energy,Oil & Gas E&P,27.38,2.336025856,40,0,14,12,2,3,9,-0.082,-0.339,0.70289004,0.30565,3.973875,5.755982,0.4957812,0.34933716,,0.09551,76.874,0.01163,1.1258,0.083100006,36.07692,2.53846,13.0,0.921,1586675
CLDX,"Celldex Therapeutics, Inc.",Healthcare,Biotechnology,24.69,1.64063744,40,0,8,5,10,2,15,,,0.0,-98.59215,,-5.5883245,631.2572,2.74181,,-0.32441002,0.438,0.00198,1.10735,0.16059999,53.35714,1.5,14.0,1.196,784603
CUZ,Cousins Properties Incorporated,Real Estate,REIT - Office,25.29,4.248534528,40,6,11,10,6,3,4,0.183,-0.305,0.68167,0.20646,72.25715,101.16,4.4443107,0.8971585,,0.01269,70.613,0.00816,1.0365599,0.083500005,31.08333,1.5,12.0,1.207,1456656
CWEN,"Clearway Energy, Inc.",Utilities,Utilities - Renewable,36.27,7.390871552,40,8,7,9,4,2,10,-0.117,5.556,0.63345003,0.26806998,15.434043,,5.3751793,2.0866413,,-0.01401,159.872,0.01372,0.92574996,0.1007,41.5,1.25,4.0,0.982,1136920
DNLI,Denali Therapeutics Inc.,Healthcare,Biotechnology,21.59,3.371459072,40,0,8,5,8,4,15,,,0.0,0.0,,-7.301912,,3.4177616,,-0.44438,4.802,0.09318,0.94107,0.10569999,32.85714,1.05556,14.0,1.046,1609540
DXC,DXC Technology Company,Technology,Information Technology Services,14.41,2.579370752,40,5,10,4,6,3,12,-0.025,-0.13,0.24587,0.05093,7.133663,4.5852146,0.2028764,0.81879646,,0.11686,140.707,0.0127,0.97884005,0.094399996,14.625,3.33333,8.0,1.045,2038515
EARN,Ellington Credit Company,Financial Services,Asset Management,5.7,0.214152432,40,5,9,12,8,2,4,,,1.0,0.67824,20.357141,5.796276,5.966412,0.9514271,,-0.028239999,79.938,0.013990001,0.111549996,0.0077,5.75,,2.0,1.284,340006
EMD,Western Asset Emerging Markets ,Financial Services,Asset Management,10.88,0.632459264,40,8,7,16,0,5,4,-0.016,1.04,1.0,0.87728,7.884058,,9.145115,1.0168225,,0.13061,37.102,2.0000001e-05,0.46754003,0.0011999999,,,,0.781,232283
FCPT,"Four Corners Property Trust, In",Real Estate,REIT - Retail,24.19,2.566124032,40,8,9,12,4,3,4,0.11,0.028,0.8514,0.56203,22.398148,21.080244,8.94734,1.6475958,,0.07557,79.815,0.01334,1.02753,0.0594,28.125,2.44444,8.0,0.858,831515
GIII,"G-III Apparel Group, LTD.",Consumer Cyclical,Apparel Manufacturing,28.78,1.21496128,40,0,12,9,10,5,4,-0.09,-0.278,0.40005,0.11522,8.828221,9.476395,0.40163225,0.6786776,,0.08614001,15.956,0.16765,1.0467501,0.2149,33.75,2.0,4.0,1.28,429455
HASI,HA Sustainable Infrastructure C,Financial Services,Asset Management,35.13,4.429161984,40,14,7,7,6,2,4,0.339,,1.0,-0.18059,15.142242,11.96746,44.44986,1.6941551,,0.12545,193.606,0.01946,1.08695,0.1412,40.4,1.5,15.0,1.461,1094796
IEP,Icahn Enterprises L.P. - Deposi,Energy,Oil & Gas Refining & Marketing,7.81,4.687628288,40,8,15,4,0,4,9,-0.099,9.596,0.06881,0.18077,,9.641975,0.5063874,1.7138468,,-0.11642,209.857,0.91606003,0.01091,0.0787,12.0,,1.0,0.734,1209038
JAMF,Jamf Holding Corp.,Technology,Software - Application,13.05,1.749694592,40,6,8,6,4,4,12,0.152,,0.79113996,0.04942,,12.922583,2.5336227,2.2070014,,-0.054780003,100.406,0.00801,0.93183,0.044299997,12.44286,,7.0,0.475,2173038
KD,"Kyndryl Holdings, Inc.",Technology,Information Technology Services,23.31,5.387965952,40,5,11,6,4,2,12,-0.014,,0.21402,0.03762,13.631578,6.8082843,0.35900626,4.357824,,0.32497,300.672,0.013359999,0.84660006,0.127,38.0,1.66667,6.0,1.933,2276236
KELYA,"Kelly Services, Inc.",Industrials,Staffing & Employment Services,10.3,0.363991776,40,0,15,6,6,4,9,-0.099,,0.20431,0.00332,,5.9110475,0.08286099,0.32585657,,-0.13108,15.918,0.0423,0.86356,0.0226,17.66667,2.0,3.0,0.785,519008
KMTS,"Kestra Medical Technologies, Lt",Healthcare,Medical Instruments & Supplies,24.83,1.44880704,40,12,2,7,4,3,12,0.534,,0.46398997,-1.4072701,,-11.389908,19.509926,7.78614,,-1.26396,27.304,0.05472,0.84691,0.073,29.0,,7.0,,318043
KYTX,"Kyverna Therapeutics, Inc.",Healthcare,Biotechnology,8.21,0.489370208,40,0,8,5,4,8,15,,,0.0,0.0,,-2.4097517,,2.3659942,,-0.70819,3.306,0.09106,0.53882,0.08270001,29.6,,5.0,,1485136
LAND,Gladstone Land Corporation,Real Estate,REIT - Specialty,10.44,0.389065696,40,0,9,12,8,7,4,-0.21,,0.79807,0.27277002,,-23.199999,5.7269444,0.5727767,,0.014570001,81.805,0.06799,0.45671,0.0468,10.83333,2.66667,6.0,1.192,531448
LAUR,"Laureate Education, Inc.",Consumer Defensive,Education & Training Services,34.32,5.057709568,40,8,5,15,2,6,4,0.086,-0.589,0.37488997,0.17857,25.422222,16.162453,3.1931274,4.5211434,,0.20363002,39.16,0.094060004,0.96109,0.0175,38.16667,1.66667,6.0,0.67,1142761
MFIC,MidCap Financial Investment Cor,Financial Services,Asset Management,11.18,1.043134528,40,8,9,10,2,7,4,0.005,-0.039,1.0,0.82765996,10.64762,7.8613367,3.2128277,0.76256734,,0.07181,139.999,0.00798,0.33285,0.0055,12.65625,,8.0,0.781,664133
MGPI,"MGP Ingredients, Inc.",Consumer Defensive,Beverages - Wineries & Distilleries,25.11,0.534700288,40,0,14,10,4,8,4,-0.189,-0.336,0.38978,0.18191999,,9.839342,0.92372066,0.62520236,,-0.01721,32.829,0.32037,0.61751,0.1145,34.8,1.4,5.0,0.36,360951
MGTX,MeiraGTx Holdings plc,Healthcare,Biotechnology,7.74,0.622999424,40,0,5,2,10,8,15,-0.962,,0.41011003,-112.31951,,-3.0836654,22.723106,-15.357142,,-6.11421,,0.19982,0.62224,0.11,26.75,1.25,8.0,1.387,539081
MIR,"Mirion Technologies, Inc.",Industrials,Specialty Industrial Machinery,25.29,6.180122624,40,8,7,7,6,3,9,0.079,,0.4739,0.03765,229.9091,41.473976,6.849299,3.098885,,0.0161,65.159,0.0372,1.10445,0.081099994,30.33333,1.44444,9.0,0.955,2846466
NCLH,Norwegian Cruise Line Holdings ,Consumer Cyclical,Travel Services,22.92,10.434501632,40,8,8,12,8,0,4,0.047,-0.096,0.41984,0.25507998,16.489208,8.712312,1.0765477,4.758148,,0.39870998,699.717,0.00342,0.8475,0.1148,27.70455,1.875,22.0,2.083,17945966
NCNO,"nCino, Inc.",Technology,Software - Application,21.39,2.477276672,40,3,12,11,0,2,12,0.096,,0.60330003,0.08145001,,20.857916,4.223939,2.3502913,,-0.013660001,25.559,0.02362,1.15402,0.12100001,34.14286,2.11765,14.0,0.553,1841648
NESR,National Energy Services Reunit,Energy,Oil & Gas Equipment & Services,19.67,1.982298496,40,5,8,6,2,10,9,-0.122,-0.182,0.13855,0.06639,27.319443,13.161241,1.5615203,2.0720532,,0.076680005,37.259,0.26122,0.57256,0.045900002,22.14286,1.57143,7.0,0.236,1048750
NMFC,New Mountain Finance Corporatio,Financial Services,Asset Management,8.64,0.89126624,40,5,12,10,0,9,4,-0.155,-0.498,1.0,0.81698996,13.292309,6.810819,2.6146271,0.71635854,,0.05435,139.879,0.12384,0.33192003,0.0175,10.0,,6.0,0.615,673831
NWBI,"Northwest Bancshares, Inc.",Financial Services,Banks - Regional,12.79,1.868720896,40,14,9,5,2,6,4,0.251,0.194,0.0,0.39863998,13.902174,9.05256,3.1192865,0.98848444,,0.072270006,,0.00934,0.70206,0.038,13.5,2.75,7.0,0.67,887908
ORIC,"Oric Pharmaceuticals, Inc.",Healthcare,Biotechnology,10.76,1.047908672,40,0,8,5,10,2,15,,,0.0,0.0,,-6.772791,,2.5723164,,-0.39731997,1.817,0.0671,1.07435,0.2198,21.0,1.26667,13.0,1.359,1478886
PAGP,"Plains GP Holdings, L.P.",Energy,Oil & Gas Midstream,20.82,4.851068928,40,13,8,5,2,3,9,-0.07,1.502,0.06185,0.033770002,27.394737,9.239658,0.103396825,3.063116,,0.08799,68.125,0.0,0.80674005,0.0563,20.84615,2.42857,13.0,0.536,1527590
PR,Permian Resources Corporation,Energy,Oil & Gas E&P,16.05,11.956023296,40,3,10,14,2,2,9,0.087,-0.848,0.73982,0.37574002,14.330357,14.727879,2.3028116,1.1910945,,0.08989,32.867,0.0086900005,0.97156996,0.0382,18.38095,1.40909,21.0,0.642,10103805
RXST,"RxSight, Inc.",Healthcare,Medical Devices,8.91,0.366349248,40,0,12,10,4,2,12,-0.141,,0.74978995,-0.40138,,-17.551807,2.578381,1.3262876,,-0.12917,4.191,0.056209996,0.81694,0.1221,10.5,3.1,9.0,1.138,872133
TPVG,TriplePoint Venture Growth BDC ,Financial Services,Asset Management,6.14,0.248054736,40,5,10,10,8,3,4,-0.143,-0.333,1.0,0.75592005,7.39759,6.326766,2.6495063,0.69868,,0.094289996,132.046,0.0145000005,0.11667,0.0665,6.54167,3.25,6.0,1.388,411680
UPB,"Upstream Bio, Inc.",Healthcare,Biotechnology,30.94,1.671954048,40,3,6,10,2,4,15,0.125,,1.0,-55.39385,,-9.9898615,597.3398,4.413065,,-0.408,0.375,0.14935,0.88131,0.115100004,47.57143,1.25,7.0,,551005
URGN,UroGen Pharma Ltd.,Healthcare,Biotechnology,20.69,0.968476032,40,3,5,5,10,2,15,0.09,,0.87951,-0.99651,,-21.36139,10.034357,-8.386704,,,,0.03852,0.99851996,0.2293,35.25,1.375,8.0,1.299,988106
VNO,Vornado Realty Trust,Real Estate,REIT - Office,31.79,6.636583936,40,8,11,10,4,3,4,0.031,,0.51579,0.16664,7.5871124,-1589.5001,3.4857125,1.2501475,,0.14122,113.246,0.0648,0.94932,0.0664,38.53846,2.61538,13.0,1.506,1478248
WSC,WillScot Holdings Corporation,Industrials,Rental & Leasing Services,20.19,3.676096,40,0,10,13,6,2,9,-0.058,,0.5239,0.21176,16.685951,18.695484,1.5858982,3.4654994,,0.21147,369.297,0.02955,1.0892199,0.1379,24.6,2.2,10.0,1.114,3083385
ALT,"Altimmune, Inc.",Healthcare,Biotechnology,5.1,0.638680768,39,0,8,5,6,5,15,0.0,,0.0,-4171.8,,-4.094051,31934.04,2.6275115,,-0.52615,8.569,0.00642,0.37263,0.2546,17.66667,1.9,9.0,0.03,4861048
ALTG,Alta Equipment Group Inc.,Industrials,Rental & Leasing Services,6.87,0.2214564,39,0,9,1,10,10,9,-0.058,,0.25843,0.011360001,,18.238775,0.12135263,76.33333,,-1.60649,42096.55,0.26544002,0.64171,0.044699997,9.95,2.0,5.0,1.546,234833
AMPX,"Amprius Technologies, Inc.",Industrials,Electrical Equipment & Parts,13.58,1.77197056,39,12,2,4,2,7,12,1.728,,0.00075,-0.21899,,-104.46154,30.337807,17.16814,,-0.39011002,36.537,0.085530005,0.52676,0.1393,17.57143,1.125,7.0,3.058,7003105
ARDX,"Ardelyx, Inc.",Healthcare,Biotechnology,7.85,1.907348224,39,3,9,6,2,4,15,0.123,,0.72556996,0.04231,,43.008984,4.7895164,12.362205,,-0.36181,153.122,0.02953,0.69467,0.1016,14.2,1.09091,10.0,0.553,4476638
ARI,Apollo Commercial Real Estate F,Real Estate,REIT - Mortgage,10.95,1.52143488,39,5,9,9,6,6,4,-0.062,,0.69745004,0.44807997,12.443182,11.636186,5.649675,0.8170422,,0.07408,405.725,0.00671,0.69104,0.035,11.45,1.8,5.0,1.579,1020581
ASAN,"Asana, Inc.",Technology,Software - Application,10.41,2.468210944,39,3,9,5,2,8,12,0.093,,0.89483,-0.34813,,29.262943,3.1906757,13.160556,,-1.02476,132.704,0.46120998,0.47667,0.2148,15.92308,,13.0,0.916,3877390
ASB,Associated Banc-Corp,Financial Services,Banks - Regional,27.35,4.539969024,39,17,9,5,0,4,4,7.218,,0.0,0.4525,9.873647,8.596736,3.1669436,0.9355545,,0.09911,,0.00782,0.87638,0.0374,30.2,2.7,10.0,0.795,1979878
AVNT,Avient Corporation,Basic Materials,Specialty Chemicals,36.01,3.297206272,39,5,12,4,10,4,4,-0.011,-0.132,0.31917998,0.09907,29.27642,11.803965,1.0157439,1.3897573,,0.048189998,82.562,0.00805,1.02383,0.040999997,41.75,1.5,8.0,1.451,804856
AXGN,"AxoGen, Inc.",Healthcare,Medical Devices,34.0,1.705753344,39,6,2,10,6,3,12,0.235,,0.74761003,0.03182,,68.22788,7.9444895,12.977099,,-0.01905,57.764,0.02563,0.86166,0.0637,37.0,1.22222,9.0,1.002,920000
BBOT,BridgeBio Oncology Therapeutics,Healthcare,Biotechnology,12.5,0.999858624,39,0,8,5,4,7,15,,,0.0,0.0,,-4.963607,,2.2163122,,,0.646,0.27095,0.68,,24.14286,,7.0,,231498
BCAX,Bicara Therapeutics Inc.,Healthcare,Biotechnology,16.91,0.926362816,39,5,8,5,2,4,15,,,0.0,0.0,3.1431227,-5.7109084,,2.2928813,,-0.26639998,0.49,0.12164,0.92114997,0.2539,30.77778,,9.0,,610313
BXMT,"Blackstone Mortgage Trust, Inc.",Real Estate,REIT - Mortgage,19.43,3.333775616,39,5,7,10,8,5,4,,,1.0,0.45597,30.84127,13.56512,8.475665,0.9323864,,0.02881,429.903,0.01211,0.65393996,0.0561,20.9375,2.11111,8.0,1.098,1294571
CAPR,"Capricor Therapeutics, Inc.",Healthcare,Biotechnology,22.61,1.229967872,39,0,5,5,6,8,15,,,0.0,-7.78796,,149.30992,110.50419,12.328244,,-1.07787,17.34,0.16799,0.39244998,0.104499996,50.8,1.2,10.0,0.225,2897591
CFFN,"Capitol Federal Financial, Inc.",Financial Services,Banks - Regional,7.3,0.959499648,39,17,9,5,0,4,4,0.204,0.319,0.0,0.47271,13.035714,10.068966,4.5748186,0.91022444,,0.070489995,,0.07796,0.79074997,0.0357,7.0,,2.0,,931575
CLDT,Chatham Lodging Trust (REIT),Real Estate,REIT - Hotel & Motel,7.08,0.359009184,39,5,10,8,8,4,4,-0.101,-0.343,0.47717,0.12663001,708.0,-59.0,1.1912335,0.4604279,,0.01105,45.712,0.02767,0.93665004,0.0197,8.0,,3.0,1.137,267280
CNXC,Concentrix Corporation,Technology,Information Technology Services,38.62,2.404382208,39,3,15,2,2,5,12,0.043,,0.34959,0.056929998,,2.8998349,0.24470164,0.8688218,,-0.37704,169.021,0.16339001,1.00641,0.1702,62.2,,5.0,0.481,1120308
COLB,"Columbia Banking System, Inc.",Financial Services,Banks - Regional,29.04,8.686473216,39,17,9,5,0,4,4,0.512,0.059,0.0,0.52882,12.626087,8.650684,4.0383415,1.0942799,,0.08489,,0.00603,0.99129,0.03,32.34615,2.53846,13.0,0.707,2788860
CSWC,Capital Southwest Corporation,Financial Services,Asset Management,23.56,1.353922432,39,11,7,10,2,5,4,0.169,-0.079,1.0,0.87869,14.724999,10.62132,6.2314916,1.417228,,0.09947,109.794,0.0395,0.29437,0.0543,23.91667,2.0,6.0,0.798,609421
EBS,Emergent BioSolutions Inc.,Healthcare,Drug Manufacturers - Specialty & Generic,11.9,0.63487808,39,5,10,9,4,2,9,-0.213,-0.558,0.48713002,0.37776002,9.015151,3.979933,0.80476373,1.0766307,,0.13915,115.193,0.027509999,0.76788,0.1697,13.5,,2.0,2.306,964953
ESI,Element Solutions Inc.,Basic Materials,Specialty Chemicals,29.81,7.214017536,39,8,8,10,6,3,4,0.017,-0.039,0.42009,0.15364,30.11111,17.235996,2.8865306,2.7184024,,0.09353,61.333,0.07626,1.01388,0.068,33.1,1.3,10.0,1.282,2307130
ETD,Ethan Allen Interiors Inc.,Consumer Cyclical,"Furnishings, Fixtures & Appliances",22.54,0.573560512,39,5,12,11,4,3,4,-0.048,-0.283,0.60671,0.071440004,13.104651,12.88,0.94444966,1.2062507,,0.099630006,26.497,0.09064999,0.84088,0.0763,27.0,3.0,1.0,1.161,316260
FPI,Farmland Partners Inc.,Real Estate,REIT - Specialty,11.41,0.512461696,39,0,7,16,4,8,4,-0.151,,0.78736997,0.35979,9.055555,71.3125,9.670914,1.0860461,,0.11981,30.513,0.08012,0.61234003,0.0701,11.875,2.25,4.0,0.778,535321
FRME,First Merchants Corporation,Financial Services,Banks - Regional,38.92,2.25054976,39,5,11,5,8,6,4,-0.046,-0.1,0.0,0.42695,10.030927,8.488549,3.5071843,0.90786093,,0.09473,,0.01694,0.797,0.020599999,45.6,2.0,5.0,0.937,268706
FULC,"Fulcrum Therapeutics, Inc.",Healthcare,Biotechnology,10.94,0.721714944,39,0,8,5,6,5,15,,,0.0,0.0,,-8.976558,Infinity,2.984179,,-0.31214002,3.534,0.01232,0.77327,0.0727,19.1,1.7,10.0,3.198,1409465
FWDI,"Forward Industries, Inc.",Consumer Cyclical,Footwear & Accessories,6.64,0.574090816,39,12,10,5,0,8,4,0.676,,0.28542998,-0.16507,,,31.565088,0.3890777,,-0.22957,0.173,0.26902,0.39694,0.0146,10.0,,1.0,0.585,924925
GAP,"Gap, Inc. (The)",Consumer Cyclical,Apparel Retail,27.7,10.302232576,39,8,8,9,4,6,4,0.03,-0.139,0.41011003,0.08219,12.477478,11.92049,0.674274,2.8253775,,0.25096,151.248,0.3959,0.62934,0.1069,30.3,1.84211,17.0,2.292,8644723
HTBK,Heritage Commerce Corp,Financial Services,Banks - Regional,12.7,0.779382592,39,17,9,5,0,4,4,0.177,0.452,0.0,0.41442,16.282051,12.1241045,3.983596,1.099948,,0.06841,,0.03006,0.80963,0.0221,14.5,2.8,3.0,0.784,777346
ICHR,Ichor Holdings,Technology,Semiconductor Equipment & Materials,33.49,1.151527936,39,3,10,5,4,2,15,0.133,,0.11901,-0.00482,,42.469284,1.2028449,1.7026794,,-0.059359998,24.124,0.0242,0.98459,0.105500005,30.14286,2.0,7.0,1.829,844851
IVT,InvenTrust Properties Corp.,Real Estate,REIT - Retail,28.95,2.24708096,39,3,7,13,6,6,4,0.087,,0.71518,0.17881,19.046053,115.8,7.668695,1.2421162,,0.06653,42.385,0.0070700003,0.7679,0.026500002,32.0,1.85714,6.0,-6.838,532498
JPC,Nuveen Preferred & Income Oppor,Financial Services,Asset Management,8.14,2.905645824,39,12,5,14,0,4,4,2.285,,1.0,0.86230004,10.435898,,10.815899,1.0161029,,0.097440004,44.682,0.0,0.20209,0.0082,,,,0.716,1081133
KYN,Kayne Anderson MLP/Midstream In,Financial Services,Asset Management,13.12,2.218933504,39,6,5,19,0,5,4,0.281,-0.773,1.0,0.49831,,4.5555553,24.241896,0.9492801,,0.17126,23.534,0.0063099996,0.32904,0.00059999997,,,,0.764,446800
LOVE,The Lovesac Company,Consumer Cyclical,"Furnishings, Fixtures & Appliances",13.45,0.19660008,39,8,15,4,4,4,4,0.002,,0.572,-0.10524,43.387096,6.8622446,0.28469703,1.0384496,,0.03767,101.166,0.10273,0.90256,0.2744,24.66667,1.16667,6.0,2.29,479693
MBUU,"Malibu Boats, Inc.",Consumer Cyclical,Recreational Vehicles,32.23,0.620266624,39,8,10,6,8,3,4,0.135,,0.17312,0.0017299999,33.226803,15.979177,0.7466669,1.2001042,,0.03773,5.713,0.029240001,1.11727,0.0681,34.83333,,9.0,1.186,224423
MGY,Magnolia Oil & Gas Corporation,Energy,Oil & Gas E&P,25.53,4.87149568,39,0,7,19,4,0,9,-0.025,-0.231,0.81337,0.31226,14.183334,16.402185,3.688219,2.4055405,,0.17878,20.511,0.01365,1.14762,0.1857,26.94444,1.73684,18.0,0.919,2414423
MRP,"Millrose Properties, Inc.",Real Estate,REIT - Residential,29.7,4.930304,39,5,7,14,4,5,4,,,0.85410005,0.85259,22.671757,9.504001,11.997041,0.8415982,,0.04004,33.784,0.01005,0.7446,0.059499998,38.6,,5.0,,2419318
NBBK,"NB Bancorp, Inc.",Financial Services,Banks - Regional,21.45,0.98178368,39,14,9,5,0,7,4,0.43,-0.525,0.0,0.48855,16.12782,8.234165,5.181436,1.0683336,,0.07842,,0.13149999,0.43398997,0.0325,24.0,2.5,2.0,0.328,302648
NEO,"NeoGenomics, Inc.",Healthcare,Diagnostics & Research,12.4,1.604408704,39,3,12,6,6,3,9,0.119,,0.43403998,-0.08091,,67.19046,2.2624009,1.9065189,,-0.12994,48.946,0.01263,1.02588,0.0862,14.42857,2.23077,7.0,1.571,1989421
NKTR,Nektar Therapeutics,Healthcare,Biotechnology,35.23,0.716634112,39,0,5,5,10,4,15,-0.511,,0.87257004,-2.67447,,-2.970489,11.447829,8.136259,,-1.8024299,196.365,0.00832,0.71586996,0.1634,114.42857,1.375,7.0,1.319,799330
NTSK,"Netskope, Inc.",Technology,Software - Infrastructure,15.35,6.03652352,39,9,7,4,2,2,15,0.329,,0.66358,-2.4269,,-74.370155,9.130297,39.97396,,,539.612,0.00049,1.72101,,26.42857,1.35714,14.0,,2439936
NUV,"Nuveen Municipal Value Fund, In",Financial Services,Asset Management,9.1,1.888628608,39,11,5,15,0,4,4,0.062,0.551,1.0,0.89404,31.379313,,20.876532,0.9891305,,0.03113,6.334,0.0,0.24109,0.0005,,,,0.395,567078
OIS,"Oil States International, Inc.",Energy,Oil & Gas Equipment & Services,8.57,0.519279008,39,5,10,7,4,4,9,-0.053,,0.22975,0.050300002,23.16216,18.835163,0.7926484,0.7432784,,0.03353,18.32,0.07383,0.91322,0.0217,8.5,,4.0,1.272,719343
PBI,Pitney Bowes Inc.,Industrials,Integrated Freight & Logistics,10.24,1.762539392,39,5,7,8,8,2,9,-0.08,,0.53778,0.20682,24.380953,7.086505,0.91270083,-2.5215464,,,,0.01048,0.82715,0.14850001,13.0,,4.0,1.297,2564871
PFL,PIMCO Income Strategy Fund Shar,Financial Services,Asset Management,8.4,0.381149984,39,11,7,17,0,0,4,0.098,0.568,1.0,0.91494006,7.636363,,9.063778,1.051051,,0.13836999,14.132,0.0,0.15508,,,,,0.626,224283
PSKY,Paramount Skydance Corporation,Communication Services,Entertainment,11.26,12.421661696,39,5,12,2,4,7,9,-0.004,,0.31702,0.10012,375.33334,10.968031,0.43240374,1.0298153,,0.01279,111.017,0.03325,0.30352,0.0498,14.56667,3.3,15.0,1.188,8922305
RUN,Sunrun Inc.,Technology,Solar,19.76,4.585146368,39,9,10,1,4,0,15,0.349,,0.24148001,0.00504,,41.18125,1.9792088,1.5336852,,-0.72506,317.405,0.0301,1.0713401,0.3027,22.185,1.86957,20.0,2.356,7667795
RXO,"RXO, Inc.",Industrials,Trucking,14.88,2.441984768,39,9,10,5,6,0,9,0.366,,0.16532,0.00141,,124.39391,0.41110855,1.5454923,,-0.04889,43.165,0.013350001,1.11289,0.1649,15.5,2.7619,18.0,1.616,2168871
SIRI,SiriusXM Holdings Inc.,Communication Services,Entertainment,20.06,6.75501312,39,0,12,8,2,8,9,-0.006,,0.47048,0.23252001,4.9287467,6.429487,0.7897829,0.5849931,,0.088599995,89.192,0.45803002,0.38162,0.1658,24.0,3.0,14.0,0.936,3935003
SNCY,"Sun Country Airlines Holdings, ",Industrials,Airlines,17.97,0.958095232,39,8,10,3,6,3,9,0.024,-0.268,0.31723,0.03885,17.114286,11.217158,0.86610377,1.5523496,,0.09993,94.353,0.05386,1.20687,0.0992,19.42857,1.875,7.0,1.578,1217226
TALO,"Talos Energy, Inc.",Energy,Oil & Gas E&P,12.09,2.111615488,39,0,12,9,2,7,9,-0.116,,0.72833997,-0.0174,,-6.9173865,1.127666,0.8633248,,-0.13703,57.028,0.2678,0.73937,0.1095,14.22727,1.63636,11.0,0.57,2001675
TECX,"Tectonic Therapeutic, Inc.",Healthcare,Biotechnology,20.69,0.38723984,39,0,10,5,2,7,15,,,0.0,0.0,,-4.4209404,,1.4472581,,-0.32209,0.463,0.38382,0.69618,0.374,78.14286,1.25,7.0,,342176
VRDN,"Viridian Therapeutics, Inc.",Healthcare,Biotechnology,33.57,3.203988224,39,12,2,5,4,1,15,819.581,,0.0,-0.56700003,,-9.40186,45.261105,8.787958,,-0.49893,4.812,0.00135,1.02129,0.088599995,41.88235,1.27778,17.0,0.945,1633695
WERN,"Werner Enterprises, Inc.",Industrials,Trucking,34.64,2.072522112,39,8,10,5,4,3,9,0.035,,0.19634001,0.00062,84.4878,38.13928,0.69281757,1.4850382,,0.01638,53.958,0.01204,1.02321,0.064899996,31.64286,3.06667,14.0,1.075,1013101
WT,"WisdomTree, Inc.",Financial Services,Asset Management,16.54,2.433152,39,8,5,12,6,4,4,0.11,,0.49247003,0.38262,25.843752,17.169611,5.3239975,6.0387006,,0.25768,256.075,0.09675,1.18099,0.2386,16.5,1.66667,6.0,1.083,3435533
AAL,"American Airlines Group, Inc.",Industrials,Airlines,13.51,8.920667136,38,8,9,1,8,3,9,0.025,-0.831,0.23233,0.034930002,79.47059,4.9712253,0.1632835,-2.3936925,,,,0.014839999,0.70571,0.063,17.70208,2.07692,24.0,1.233,55730590
AKR,Acadia Realty Trust,Real Estate,REIT - Retail,19.78,2.798653184,38,5,7,10,10,2,4,-0.024,-0.571,0.69141996,0.19652,152.15385,70.64286,7.1854486,1.1539583,,-0.01671,72.201,0.0047999998,1.2478399,0.2878,22.42857,1.75,7.0,1.148,1386336
ALDX,"Aldeyra Therapeutics, Inc.",Healthcare,Biotechnology,5.32,0.320065952,38,0,6,4,8,5,15,,,0.0,0.0,,13.6410265,,6.4957266,,-0.64305,31.564,0.03086,0.66407996,0.0874,9.66667,1.2,6.0,0.847,1057791
AMH,American Homes 4 Rent,Real Estate,REIT - Residential,30.92,13.063171072,38,9,9,12,2,2,4,0.075,0.338,0.56005,0.23545,26.20339,38.606567,7.1311903,1.6023215,,0.06605,62.016,0.07756,0.90445,0.040700004,36.59524,2.21739,21.0,0.8,3486670
AMN,AMN Healthcare Services Inc,Healthcare,Medical Care Facilities,20.19,0.775574208,38,8,10,1,4,3,12,-0.077,3.213,0.29369,0.013300001,,29.864655,0.28546157,1.200928,,-0.35898998,137.319,0.00912,1.0934,0.0871,20.85714,2.55556,7.0,0.205,1189460
ARKO,ARKO Corp.,Consumer Cyclical,Specialty Retail,5.22,0.588515008,38,6,13,1,6,8,4,-0.123,0.429,0.15144,0.02248,47.454544,104.399994,0.07461058,2.148148,,0.04936,694.503,0.31147,0.62681,0.0355,8.5,,2.0,0.854,483428
ARRY,"Array Technologies, Inc.",Technology,Solar,11.71,1.788676224,38,12,5,2,4,0,15,0.7,,0.26816,0.13969,,13.24391,1.3415115,-38.267975,,-0.07751,180.786,0.00535,1.37651,0.2021,11.05417,2.04,24.0,1.679,6558125
AVTX,"Avalo Therapeutics, Inc.",Healthcare,Biotechnology,15.25,0.28231952,38,0,8,5,8,2,15,,,0.0,-346.32294,,-3.3505952,1470.4142,2.9698148,,-1.7479401,0.606,0.03475,0.85508,0.1617,34.375,1.1,8.0,0.855,341041
BCAL,California BanCorp,Financial Services,Banks - Regional,18.08,0.586120704,38,3,11,7,4,9,4,0.026,-0.03,0.0,0.50451,9.367876,10.044445,3.1011677,1.0165299,,0.11587,,0.23045999,0.66188,0.0143,21.5,1.33333,3.0,,218853
BEAM,Beam Therapeutics Inc.,Healthcare,Biotechnology,29.29,2.972201216,38,0,8,5,8,2,15,-0.32,,0.0,-13.076,,-6.365191,53.359924,2.9890807,,-0.4719,15.675,0.012309999,1.01905,0.2219,47.21429,1.3125,14.0,2.073,2016378
CRBP,Corbus Pharmaceuticals Holdings,Healthcare,Biotechnology,8.63,0.151482704,38,0,10,5,2,6,15,,,0.0,0.0,,-1.6557244,,1.17399,,-0.55647,2.224,0.0126,0.63308,0.0868,42.33333,,9.0,2.775,404998
DAN,Dana Incorporated,Consumer Cyclical,Auto Parts,29.0,3.388283648,38,16,10,1,4,3,4,0.011,22.046,0.09511,0.038599998,65.90909,12.010122,0.34029162,3.234802,,0.05314,263.976,0.0121,1.10233,0.0615,33.42857,2.0,7.0,2.121,1894126
DYN,"Dyne Therapeutics, Inc.",Healthcare,Biotechnology,17.88,2.943981824,38,0,8,5,10,0,15,,,0.0,0.0,,-5.385785,,3.685838,,-0.60659003,17.414,0.0043599997,1.08355,0.1261,39.125,1.4375,16.0,1.32,2676425
EBF,"Ennis, Inc.",Industrials,Business Equipment & Supplies,19.15,0.490809728,38,3,12,9,4,1,9,0.004,0.077,0.30777,0.14937,11.536144,11.96875,1.2625655,1.5865782,,0.14208001,3.395,0.03902,0.83529,0.063,24.0,,1.0,0.375,220616
ELVN,"Enliven Therapeutics, Inc.",Healthcare,Biotechnology,25.67,1.523445632,38,0,8,5,6,4,15,,,0.0,0.0,,-10.831224,,3.1951704,,-0.25429,0.103,0.08239,1.0314801,0.2198,41.375,,8.0,1.2,993535
FBP,First BanCorp. New,Financial Services,Banks - Regional,22.14,3.496723456,38,11,9,9,2,3,4,0.054,0.196,0.0,0.45880002,10.8,9.328664,3.8221529,1.7630196,,0.18969,,0.018609999,1.00292,0.0624,24.5,1.71429,7.0,,1302488
HST,"Host Hotels & Resorts, Inc.",Real Estate,REIT - Hotel & Motel,18.66,12.998116352,38,11,10,6,6,1,4,0.009,0.966,0.28941,0.073520005,17.603775,20.521055,2.1845574,1.9264919,,0.109239995,82.827,0.013789999,1.08928,0.0756,20.06579,1.95,19.0,1.197,8114925
KMPR,Kemper Corporation,Financial Services,Insurance - Property & Casualty,39.13,2.455125248,38,8,14,4,4,4,4,0.052,,0.32630002,-0.01928,10.085052,8.166341,0.5066815,0.86223614,,0.086780004,56.298,0.01049,0.90896004,0.038900003,58.2,2.5,5.0,1.145,910938
KMT,Kennametal Inc.,Industrials,Tools & Accessories,34.81,2.653690624,38,8,8,6,4,3,9,0.033,0.071,0.30487,0.07876,29.008333,18.675896,1.3383073,2.1164954,,0.07556,48.4,0.00858,1.0784401,0.0555,30.25,3.22222,8.0,1.475,918133
KURA,"Kura Oncology, Inc.",Healthcare,Biotechnology,8.22,0.715284032,38,0,10,5,6,2,15,,,-1.15625,-3.8552802,,-3.156149,6.875814,2.949408,,-0.65099996,8.026,0.020969998,0.9775,0.1418,32.54545,1.4,11.0,0.248,1760718
LXEO,"Lexeo Therapeutics, Inc.",Healthcare,Biotechnology,7.57,0.552514112,38,0,8,5,8,2,15,,,0.0,0.0,,-5.423763,,3.4409091,,-0.80694,6.999,0.00424,0.88003,0.16790001,19.63636,,11.0,1.766,1383416
MBX,"MBX Biosciences, Inc.",Healthcare,Biotechnology,36.84,1.654200832,38,5,6,5,4,3,15,,,0.0,0.0,4.803129,-12.021067,,4.250606,,-0.24433,0.161,0.02726,1.07208,0.082100004,61.1,1.54545,10.0,,777085
MTRX,Matrix Service Company,Industrials,Engineering & Construction,14.29,0.40189952,38,6,10,5,6,2,9,0.28,,0.05646,-0.01016,,15.448648,0.49277094,2.9439638,,-0.16327,14.941,0.04883,0.8642,0.0226,16.5,1.0,2.0,0.936,238511
NTST,NetSTREIT Corp.,Real Estate,REIT - Retail,18.66,1.797197824,38,11,7,12,4,0,4,0.166,,0.89949995,0.36164,Infinity,71.76923,9.64374,1.1989976,,0.00014,85.232,0.00587,1.4113901,0.26950002,20.36111,1.47368,18.0,0.896,1211595
OS,"OneStream, Inc.",Technology,Software - Infrastructure,23.64,5.799025664,38,6,0,9,4,4,15,0.195,,0.67907,-0.11314,,86.86705,10.16166,9.399602,,-0.22223,3.144,0.02194,0.93996,0.0345,24.06667,2.85,15.0,,3200226
OSS,"One Stop Systems, Inc.",Technology,Computer Hardware,10.62,0.260354528,38,9,4,6,2,8,9,0.369,,0.29007998,0.0304,,-1062.0,4.320232,8.87218,,-0.24260001,24.674,0.14919,0.44988,0.087,9.0,,3.0,0.983,1560008
PEPG,PepGen Inc.,Healthcare,Biotechnology,5.22,0.358865728,38,0,8,5,6,4,15,,,0.0,0.0,,-4.0861053,,2.199747,,-0.62248003,10.689,0.00179,0.91769,0.0484,10.0,,6.0,1.915,711135
PRAA,"PRA Group, Inc.",Financial Services,Credit Services,12.79,0.499752576,38,3,15,10,4,2,4,0.105,,1.0,0.31195998,,5.209776,0.43019852,0.5383676,,-0.28812,370.507,0.01836,0.97135,0.025999999,26.0,2.33333,1.0,1.328,402190
PWP,Perella Weinberg Partners,Financial Services,Capital Markets,22.51,2.02930752,38,5,5,14,8,2,4,-0.408,-0.667,0.97038,0.06236,29.618422,18.641823,2.6792545,-4.8398194,,0.30238,92.171,0.02587,1.00112,0.115600005,23.0,2.75,4.0,1.632,910198
REYN,Reynolds Consumer Products Inc.,Consumer Cyclical,Packaging & Containers,22.66,4.766069248,38,8,10,6,2,8,4,0.023,-0.082,0.25034,0.14393,15.736111,12.985747,1.2856944,2.1859927,,0.1437,79.862,0.74132,0.32794997,0.1196,26.85714,2.42857,7.0,0.559,819218
SBCF,Seacoast Banking Corporation of,Financial Services,Banks - Regional,34.12,3.337896448,38,14,9,5,2,4,4,0.2,0.167,0.0,0.44192,20.309525,12.498168,5.9975753,1.2450737,,0.0633,,0.01171,0.83309996,0.0478,34.5,2.66667,6.0,0.929,676760
SGRY,"Surgery Partners, Inc.",Healthcare,Medical Care Facilities,14.48,1.872868864,38,3,15,4,2,2,12,0.066,,0.23917,0.16445999,,21.036728,0.56959,1.0727515,,0.00656,109.361,0.01433,1.19156,0.2522,25.45455,,11.0,1.912,1933031
SHEN,Shenandoah Telecommunications C,Communication Services,Telecom Services,11.29,0.6198,38,3,15,8,2,1,9,0.025,,0.62689996,-0.076519996,,-11.178218,1.7624278,0.6942993,,-0.034,55.986,0.04484,0.80144995,0.0916,26.0,,1.0,0.793,330630
SMA,"SmartStop Self Storage REIT, In",Real Estate,REIT - Industrial,31.45,1.74360512,38,11,9,10,2,2,4,0.181,,0.65831,0.18316999,209.66666,73.364746,6.868075,1.4503113,,-0.0050700004,80.797,0.00056,0.80824995,,38.15,1.5,10.0,,761815
SMPL,The Simply Good Foods Company,Consumer Defensive,Packaged Foods,18.75,1.78123456,38,5,15,7,2,5,4,-0.003,-0.326,0.34939998,0.12787,20.833334,8.530909,1.2285647,1.0271721,,0.05171,26.012,0.08868,1.0274,0.0908,28.5,2.0,10.0,0.27,1962758
STEM,"Stem, Inc.",Utilities,Utilities - Renewable,16.62,0.139445264,38,9,7,0,8,4,10,0.305,,0.22051,-0.33609,,-2.557911,0.84538925,-0.59162754,,,,0.04665,0.26409,0.121700004,19.16667,3.0,6.0,1.227,234055
TSLX,"Sixth Street Specialty Lending,",Financial Services,Asset Management,22.14,2.092095488,38,0,9,12,6,7,4,-0.082,0.075,1.0,0.76238996,10.8,11.098412,4.5038567,1.2916398,,0.119090006,113.248,0.00439,0.55825,0.0378,23.75,1.6,10.0,0.709,447591
USA,Liberty All-Star Equity Fund,Financial Services,Asset Management,6.02,1.774540928,38,6,5,15,6,2,4,0.205,-0.347,1.0,0.48429,8.724638,602.0,55.927586,0.8562082,,0.098620005,2.153,0.00093000004,0.14979,0.00029999999,,,,1.035,1369880
VRNS,"Varonis Systems, Inc.",Technology,Software - Infrastructure,30.57,3.604120832,38,3,10,7,2,1,15,0.091,,0.80043,-0.2224,,89.41734,5.921237,5.959064,,-0.22167999,86.084,0.0233,1.01792,0.0642,48.85,1.7619,20.0,0.562,2124461
WAFD,"WaFd, Inc.",Financial Services,Banks - Regional,32.6,2.492216064,38,14,9,5,2,4,4,0.098,0.466,0.0,0.466,11.319444,10.07728,3.39324,0.9130885,,0.08031999,,0.01672,0.81888,0.0354,33.375,3.0,4.0,0.851,681246
WTTR,"Select Water Solutions, Inc.",Energy,Oil & Gas Equipment & Services,12.06,1.462467584,38,5,12,5,4,3,9,-0.132,-0.833,0.25879,0.01653,63.473686,33.369305,1.0372927,1.5656239,,0.02311,36.331,0.06999,0.96432996,0.073699996,14.2,,5.0,0.974,757046
XPRO,Expro Group Holdings N.V.,Energy,Oil & Gas Equipment & Services,16.23,1.876077696,38,5,10,7,4,3,9,-0.027,-0.134,0.23954001,0.08151,27.049997,16.731958,1.1289357,1.2281498,,0.04596,12.515,0.01467,1.02614,0.069299996,15.8,,5.0,1.176,1151256
ANRO,"Alto Neuroscience, Inc.",Healthcare,Biotechnology,15.32,0.475936256,37,0,8,5,4,5,15,,,0.0,0.0,,-7.1924877,,3.731125,,-0.45014,22.767,0.06439,0.65628,0.0858,31.125,1.2,8.0,,346575
APA,APA Corporation,Energy,Oil & Gas E&P,26.26,9.395472384,37,0,10,18,0,0,9,-0.164,,0.66542,0.27281,6.282297,11.944724,1.0020769,1.5657048,,0.27427998,66.895,0.00435,0.99209,0.1088,26.25926,2.92857,27.0,0.743,6220078
BETR,Better Home & Finance Holding C,Financial Services,Mortgage Finance,31.53,0.494915008,37,12,6,5,4,6,4,0.513,,1.0,-0.86085,,-15.430695,3.4004261,11.566398,,-8.75532,1321.318,0.34829,0.35644,0.296,40.0,2.33333,1.0,2.014,512546
CFLT,"Confluent, Inc.",Technology,Software - Infrastructure,30.57,10.848940032,37,6,2,7,6,1,15,0.193,,0.74144,-0.27908,,63.63447,9.74617,9.553124,,-0.29619,98.885,0.01203,0.8767,0.0716,30.65,2.77778,20.0,0.952,11547288
COUR,"Coursera, Inc.",Consumer Defensive,Education & Training Services,6.13,1.029280064,37,3,15,9,4,2,4,0.103,,0.54368,-0.08033,,13.509344,1.391344,1.5930353,,-0.07435,0.735,0.06533,0.86237997,0.1162,11.45455,2.15385,11.0,1.38,3450540
CRSR,"Corsair Gaming, Inc.",Technology,Computer Hardware,5.15,0.548862336,37,3,15,4,4,2,9,0.137,,0.26879,-0.01627,,7.8848658,0.37872216,0.9142553,,-0.062589996,30.504,0.03328,0.89419997,0.1251,8.75,2.125,8.0,1.526,1106745
CSTL,"Castle Biosciences, Inc.",Healthcare,Diagnostics & Research,39.16,1.143027968,37,0,9,10,6,3,9,-0.032,,0.79945,-0.08193,,-34.09457,3.327302,2.4450548,,-0.02695,7.952,0.0291,0.90915,0.060100004,46.57143,1.0,7.0,1.062,444346
CV,"CapsoVision, Inc.",Healthcare,Medical Devices,5.42,0.253890272,37,6,5,9,0,5,12,0.193,,0.53125,-2.26653,,,19.398706,12.402746,,,4.784,0.40798,0.00882,0.0021,10.5,,2.0,,308868
CVBF,CVB Financial Corporation,Financial Services,Banks - Regional,19.51,2.644615424,37,8,11,5,4,5,4,0.075,0.099,0.0,0.56325,12.835526,10.489247,5.09601,1.1522561,,0.0934,,0.06256,0.79541,0.081999995,23.5,2.66667,5.0,0.693,1254586
FCF,First,Financial Services,Banks - Regional,17.8,1.847034496,37,11,9,7,0,6,4,0.148,0.229,0.0,0.46463,12.027026,9.081632,3.8041458,1.1738328,,0.102919996,,0.02043,0.78041,0.0249,19.33333,2.16667,6.0,0.784,672028
FDUS,Fidus Investment Corporation,Financial Services,Asset Management,19.38,0.705964736,37,0,9,14,4,6,4,-0.029,0.085,1.0,0.68227994,8.282051,10.072764,4.6698203,0.9906962,,0.11925,75.039,0.00887,0.28742,0.0034999999,22.0,,5.0,0.763,283893
FG,"F&G Annuities & Life, Inc.",Financial Services,Insurance - Life,29.4,3.958674688,37,11,10,6,4,2,4,0.173,,0.3479,0.10213,8.546512,5.1838136,0.71211994,0.8204727,,0.09942,45.567,0.02527,0.84378,0.0399,32.0,,2.0,1.51,571148
GEMI,"Gemini Space Station, Inc.",Financial Services,Capital Markets,8.265,0.972408064,37,12,14,0,2,5,4,1.063,,-0.12259,-2.38636,,-2.6554217,5.982982,1.487581,,,159.822,0.07368,0.34872,0.171,18.15,1.9,10.0,,2012835
IDYA,"IDEAYA Biosciences, Inc.",Healthcare,Biotechnology,32.99,2.892114944,37,0,8,10,4,0,15,,,-0.71429,0.52182,,-9.26316,13.462091,2.6483104,,-0.14147,2.495,0.00904,1.10299,0.1172,49.94118,1.36842,17.0,0.05,928246
INSG,Inseego Corp.,Technology,Communication Equipment,11.01,0.168755504,37,0,10,3,10,5,9,-0.151,,0.41312,0.04696,,26.53012,1.0173594,-21.715975,,,,0.03946,0.6365,0.17969999,17.5,1.5,4.0,1.143,208516
KW,Kennedy-Wilson Holdings Inc.,Real Estate,Real Estate Services,9.86,1.359737344,37,6,10,9,4,4,4,0.163,,0.73660004,0.20413,,-9.214952,2.4700043,1.8429906,,0.0059100003,295.917,0.15168001,0.84012,0.0668,10.0,,2.0,1.034,1042136
LBRX,LB Pharmaceuticals Inc,Healthcare,Biotechnology,21.17,0.535581984,37,0,10,5,4,3,15,,,0.0,0.0,,-5.6857705,,1.726472,,,1.182,0.00306,0.97616,0.075100005,44.5,1.25,4.0,,286166
LENZ,"LENZ Therapeutics, Inc.",Healthcare,Biotechnology,17.78,0.55633568,37,0,8,10,2,2,15,,,1.0,-1.51096,,-6.146592,31.79061,2.6212592,,-0.28779,0.492,0.02525,1.0083699,0.4802,54.28571,1.14286,7.0,,1212693
NMCO,Nuveen Municipal Credit Opportunities Fund,Financial Services,Asset Management,10.64,0.587094208,37,6,7,12,6,2,4,0.19,-0.426,1.0,0.83355004,532.0,,9.388954,0.9745375,,0.00182,74.755,0.00014,0.17775999,0.0008,,,,0.947,223893
OBDC,Blue Owl Capital Corporation,Financial Services,Asset Management,12.15,6.209235968,37,3,11,10,2,7,4,0.116,-0.277,1.0,0.7597,8.617022,8.730517,3.4535165,0.8158195,,0.097720005,125.19,0.0026800002,0.49453998,0.0274,14.5,1.58333,12.0,0.697,5054705
OCUL,"Ocular Therapeutix, Inc.",Healthcare,Biotechnology,9.95,2.119822336,37,0,6,5,8,3,15,-0.057,,-2.46871,-4.72346,,-6.722973,38.001225,6.7411923,,-0.81825995,29.822,0.02881,0.89347,0.0602,24.25,1.33333,12.0,0.928,3763015
ORN,"Orion Group Holdings, Inc.",Industrials,Engineering & Construction,12.52,0.499560224,37,5,8,5,6,4,9,-0.007,-0.333,0.13021,0.02085,46.37037,37.41446,0.5976194,3.163214,,0.06315,51.787,0.05849,0.84047997,0.047199998,13.125,1.25,4.0,1.159,258978
PFN,PIMCO Income Strategy Fund II,Financial Services,Asset Management,7.43,0.700455808,37,9,7,17,0,0,4,0.061,0.496,1.0,0.924,Infinity,,8.305636,1.0461841,,0.14388,17.814,0.0,0.18805,,,,,0.604,491185
RCS,"PIMCO Strategic Income Fund, In",Financial Services,Asset Management,5.78,0.270076288,37,6,7,18,2,0,4,0.086,0.165,1.0,0.93267995,8.257143,,9.12574,1.2731278,,0.15118,47.819,0.0,0.15641,,,,,0.982,205096
RCUS,"Arcus Biosciences, Inc.",Healthcare,Biotechnology,21.79,2.6960448,37,0,6,4,4,8,15,-0.458,,-1.09583,-5.4615397,,-5.656068,11.23352,5.3524933,,-0.68132,30.275,0.30087,0.59366,0.1025,33.0,1.33333,10.0,0.776,1881551
SATL,Satellogic Inc.,Industrials,Aerospace & Defense,5.24,0.748621632,37,6,0,4,6,6,15,0.29,,0.67046,-2.22461,,-58.222218,50.982132,-9.905482,,,,0.18672001,0.47449002,0.1358,5.0,1.0,1.0,1.358,6343095
SPAI,Safe Pro Group Inc.,Industrials,Aerospace & Defense,5.33,0.111787536,37,0,5,7,4,6,15,-0.693,,0.47094002,-41.486412,,,88.24709,11.897321,,-1.93701,2.621,0.39373,0.08761,0.0525,11.33333,,3.0,,307461
STAG,"Stag Industrial, Inc.",Real Estate,REIT - Industrial,37.28,7.111138304,37,6,5,12,6,4,4,0.107,0.132,0.79783,0.38013,28.676924,42.363636,8.634077,2.0324938,,0.0717,89.63,0.0014,0.94781995,0.038399998,40.90909,2.54545,11.0,1.063,1320561
TCPC,BlackRock TCP Capital Corp.,Financial Services,Asset Management,5.23,0.443718656,37,3,12,10,2,6,4,-0.288,0.134,1.0,0.87296,,5.8599443,2.0250118,0.60080415,,-0.01145,142.106,0.00317,0.25381002,0.038,6.5,3.5,3.0,0.919,898083
TRN,"Trinity Industries, Inc.",Industrials,Railroads,28.7,2.320032256,37,5,8,6,8,1,9,-0.432,-0.028,0.26298,0.21184999,23.333334,17.39394,1.0666325,2.3022623,,0.10106,476.767,0.01235,0.88794,0.056399997,28.5,3.0,2.0,1.451,714295
TRTX,"TPG RE Finance Trust, Inc.",Real Estate,REIT - Mortgage,9.31,0.7316784,37,5,9,10,6,3,4,0.0,0.0,0.72078,0.54642,14.323078,8.387387,5.2794456,0.67346644,,0.060739998,270.966,0.06445,0.82914,0.0506,10.4,2.0,5.0,1.578,689060
UDR,"UDR, Inc.",Real Estate,REIT - Residential,36.91,13.896211456,37,16,5,8,2,2,4,0.066,0.976,0.66774005,0.20661,83.88636,65.91071,7.974975,3.777505,,0.03649,144.858,0.00447,1.0369,0.0496,40.36364,2.47826,22.0,0.712,3377276
VREX,Varex Imaging Corporation,Healthcare,Medical Devices,13.95,0.584776064,37,3,12,4,2,4,12,0.113,,0.34395,0.08563,,14.493506,0.6923704,1.2305927,,-0.13575,82.594,0.0146200005,0.96285003,0.023699999,17.2,,5.0,0.861,316900
VSH,"Vishay Intertechnology, Inc.",Technology,Semiconductors,20.17,2.734818048,37,3,10,5,4,0,15,0.075,,0.19452,0.02189,,26.774456,0.91684973,1.3128946,,-0.03573,50.025,0.031089999,1.07743,0.1282,15.0,2.66667,2.0,1.127,1825456
XRAY,DENTSPLY SIRONA Inc.,Healthcare,Medical Instruments & Supplies,12.27,2.448502784,37,0,10,6,6,3,12,-0.049,,0.51104,0.05088,,8.000105,0.6756354,1.6560941,,-0.44404998,168.742,0.00389,1.1028299,0.08229999,13.03333,2.83333,15.0,1.007,3950450
AES,The AES Corporation,Utilities,Utilities - Diversified,15.04,10.710299648,36,14,8,4,2,4,4,0.019,0.253,0.17265,0.20501,9.894737,6.483597,0.8855879,2.7713284,,0.05106,302.896,0.0046200003,0.91339,0.0344,15.29167,2.28571,12.0,0.969,8116506
AESI,Atlas Energy Solutions Inc.,Energy,Oil & Gas Equipment & Services,11.83,1.96662336,36,0,10,4,6,7,9,-0.147,,0.29453,-0.06883,,-60.666668,1.7602861,1.1960368,,-0.01204,47.705,0.35077998,0.7428,0.1625,11.35455,2.66667,11.0,1.189,2933776
APLD,Applied Digital Corporation,Technology,Information Technology Services,38.07,10.643831808,36,12,2,0,2,8,12,2.501,,0.19615,-0.24455,,-42.536312,40.319683,7.3296113,,-0.07897,125.912,0.15935001,0.63426995,0.3355,45.27273,1.16667,11.0,6.924,31242898
AVBP,"ArriVent BioPharma, Inc.",Healthcare,Biotechnology,22.5,0.928830592,36,0,8,5,6,2,15,,,0.0,0.0,,-5.751681,,3.0136619,,-0.51839,0.018,0.03128,0.99226,0.23110001,40.23333,1.0,12.0,,403948
BF-B,Brown Forman Inc,Consumer Defensive,Beverages - Wineries & Distilleries,26.9,12.46033408,36,5,7,18,0,2,4,-0.054,-0.139,0.59115005,0.2944,15.730993,15.557406,3.2039945,3.0533483,,0.20666,64.03,0.029000001,0.74851996,0.155,30.25882,3.15789,17.0,0.414,4873311
CADL,"Candel Therapeutics, Inc.",Healthcare,Biotechnology,5.93,0.325546944,36,0,6,5,2,8,15,,,0.0,0.0,,-9.883332,,4.0616436,,-0.70171,8.995,0.16758,0.41900003,0.21450001,18.625,1.25,8.0,-0.929,800783
CHCT,Community Healthcare Trust Inco,Real Estate,REIT - Healthcare Facilities,16.92,0.481736512,36,3,9,10,6,4,4,0.049,-0.195,0.80681,0.30868998,,42.3,4.029683,1.0684516,,-0.01658,125.146,0.05865,0.81798,0.024300002,18.0,2.0,5.0,0.724,250698
CIM,Chimera Investment Corporation,Real Estate,REIT - Mortgage,12.96,1.07764224,36,0,9,10,6,7,4,-0.759,,0.84836,0.25114,,6.269501,5.6252303,0.408691,,0.020969998,475.408,0.02665,0.56953996,0.0216,14.5,2.6,3.0,1.904,800680
CMPX,"Compass Therapeutics, Inc.",Healthcare,Biotechnology,6.38,1.134760192,36,0,6,5,6,4,15,,,0.0,0.0,,-15.529538,Infinity,5.40678,,-0.37818,4.707,0.111870006,0.83832,0.2043,13.23077,1.2,13.0,1.264,2179126
CRNC,Cerence Inc.,Technology,Software - Application,11.76,0.529388544,36,3,8,5,4,4,12,0.106,,0.72736,-0.01794,,14.168675,2.1025755,3.3851469,,-0.12828,144.132,0.0255,0.69275004,0.1557,11.33333,,3.0,2.553,1261986
CTOS,"Custom Truck One Source, Inc.",Industrials,Rental & Leasing Services,6.32,1.43185664,36,3,12,2,6,4,9,0.078,,0.21032,0.07442,,94.795265,0.73939943,1.8250072,,-0.03002,317.493,0.04462,0.97189003,0.035099998,7.75,1.83333,6.0,1.164,755116
CUBE,CubeSmart,Real Estate,REIT - Industrial,37.61,8.621364224,36,3,5,12,8,4,4,0.053,-0.182,0.72111,0.39088002,24.264517,26.272774,7.7632875,3.082787,,0.12413,122.39,0.00813,0.98544997,0.032899998,41.53333,2.47059,15.0,1.12,2184448
DEA,"Easterly Government Properties,",Real Estate,REIT - Office,23.13,1.19221056,36,3,9,9,6,5,4,0.149,-0.818,0.67094004,0.26029,77.09999,88.96154,3.5672286,0.79896367,,0.01049,118.691,0.05934,0.71236,0.0683,23.91667,2.83333,6.0,0.932,521916
EYPT,"EyePoint, Inc.",Healthcare,Biotechnology,14.75,1.221111424,36,0,6,5,8,2,15,-0.908,,0.0,-64.20807,,-5.2227182,28.841291,5.1268682,,-0.98231006,11.62,0.027679998,0.88411003,0.1159,36.08333,1.23077,12.0,1.645,1175688
FFIN,"First Financial Bankshares, Inc",Financial Services,Banks - Regional,31.75,4.546793472,36,11,5,7,4,5,4,0.145,0.185,0.0,0.5729,17.937853,15.191388,7.540363,2.3562152,,0.14392,,0.0381,0.67257005,0.0608,36.2,2.6,5.0,0.849,752748
FIZZ,National Beverage Corp.,Consumer Defensive,Beverages - Non-Alcoholic,34.0,3.183491584,36,5,6,16,0,5,4,-0.01,0.005,0.37249002,0.20131999,17.085426,16.513271,2.6539602,5.721979,,0.40932,12.008,0.7468,0.25335,0.1176,35.0,,1.0,0.522,372650
GAB,"Gabelli Equity Trust, Inc. (The",Financial Services,Asset Management,6.05,1.870765952,36,8,5,17,0,2,4,-0.006,1.038,1.0,0.36283,6.722223,,57.20633,1.1176797,,0.14686,5.237,0.00566,0.08116999,0.00059999997,,,,0.784,500066
GOOD,Gladstone Commercial Corporatio,Real Estate,REIT - Diversified,11.52,0.562491136,36,3,7,10,6,6,4,0.041,-0.894,0.77422,0.35553002,60.63158,76.8,3.6231313,3.0164967,,0.06081,239.833,0.01202,0.51249003,0.0505,12.5,2.0,5.0,1.104,535363
GSBD,"Goldman Sachs BDC, Inc.",Financial Services,Asset Management,9.4,1.07266304,36,5,10,10,0,7,4,-0.17,-0.319,1.0,0.81113,8.173913,7.1975493,2.7984436,0.73731273,,0.08754,126.75,0.00145,0.34069002,0.0184,10.3125,,4.0,0.674,1373886
LCID,"Lucid Group, Inc.",Consumer Cyclical,Auto Manufacturers,11.33,3.672828416,36,12,12,2,2,4,4,0.683,,-0.97909,-2.7988,,-1.668139,3.4469402,2.039971,,-0.61119,75.61,0.051810004,0.72424006,0.4483,17.05556,3.1,9.0,0.895,8508736
M,Macy's Inc,Consumer Cyclical,Department Stores,20.02,5.32297984,36,8,10,5,6,3,4,0.002,-0.6,0.4038,0.00773,11.77647,9.038538,0.2343686,1.2298808,,0.11257,121.141,0.00603,0.92468,0.0911,21.9,3.0,10.0,1.454,6750508
MAMA,"Mama's Creations, Inc.",Consumer Defensive,Packaged Foods,15.17,0.616711104,36,14,4,7,0,7,4,0.5,0.0,0.25225002,0.03857,126.41667,50.566666,4.075758,12.434426,,0.12821999,32.195,0.094610006,0.73815,0.0716,17.33333,,6.0,0.798,402153
MAT,"Mattel, Inc.",Consumer Cyclical,Leisure,20.77,6.692093952,36,5,10,12,2,3,4,-0.059,-0.193,0.50466,0.22185,15.734848,11.843328,1.2801543,2.855768,,0.189,118.29,0.00787,1.02537,0.0647,24.0,1.78571,12.0,0.69,3512748
MEI,"Methode Electronics, Inc.",Technology,Electronic Components,7.97,0.282203744,36,0,12,5,8,2,9,-0.156,,0.15531999,0.0162,,16.265305,0.2866759,0.41534212,,-0.08874,52.966,0.03622,0.93675005,0.0301,9.25,,2.0,1.073,299826
METC,"Ramaco Resources, Inc.",Basic Materials,Coking Coal,19.97,1.321187072,36,0,13,5,8,6,4,-0.277,,0.16755,-0.11969,,-399.4,2.2798624,2.5078487,,-0.074,25.882,0.0842,0.78633004,0.3095,35.6875,1.75,8.0,1.335,3311688
MPLT,"MapLight Therapeutics, Inc.",Healthcare,Biotechnology,18.58,0.843030912,36,0,5,5,4,7,15,,,0.0,0.0,,,,-41.28889,,,2.572,0.50759,0.15964,0.024300002,31.0,,4.0,,281621
MTUS,Metallus Inc.,Basic Materials,Steel,19.86,0.8306736,36,9,10,6,4,3,4,0.346,,0.08838,0.03923,,16.794926,0.73413485,1.187444,,-0.011770001,2.25,0.14067,0.84255,0.0631,22.0,,2.0,1.467,336728
MYGN,"Myriad Genetics, Inc.",Healthcare,Diagnostics & Research,5.54,0.516404,36,0,14,9,2,2,9,-0.036,,0.70362,-0.11327,,81.59057,0.62571675,1.3836163,,-0.72522,56.947,0.02863,0.99276,0.15560001,8.12,2.91667,10.0,1.815,1066496
NE,Noble Corporation plc A,Energy,Oil & Gas Drilling,36.01,5.720070144,36,0,10,8,4,5,9,-0.008,,0.38876998,0.14129,25.906473,30.76489,1.7418002,1.261561,,0.04919,43.601,0.20994,0.8503,0.1087,34.5,2.2,10.0,1.11,1651200
NRIX,"Nurix Therapeutics, Inc.",Healthcare,Biotechnology,17.59,1.809008512,36,0,8,5,8,0,15,-0.373,,-2.59797,-11.57651,,-5.4670796,21.616362,3.6327963,,-0.65353996,15.174,0.01092,0.83531,0.1689,29.94118,1.29412,17.0,1.935,1612241
OLMA,"Olema Pharmaceuticals, Inc.",Healthcare,Biotechnology,26.06,2.088967424,36,0,6,5,8,2,15,,,0.0,0.0,,-11.278651,,5.8182626,,-0.59225,1.456,0.02164,0.90145,0.123100005,45.9,1.18182,10.0,1.932,3817911
ONTF,"ON24, Inc.",Technology,Software - Application,7.98,0.338852192,36,0,8,10,0,6,12,-0.047,,0.74982,-0.22600001,,60.226418,2.3972902,2.3574593,,-0.20198,0.947,0.13188,0.74842,0.0254,8.1,,2.0,0.621,322790
PDYN,Palladyne AI Corp.,Technology,Software - Infrastructure,7.0,0.312965952,36,0,3,9,4,5,15,-0.013,,0.57616,-9.377911,,-8.045977,72.01241,5.67721,,-1.10107,19.66,0.26674,0.25033,0.18090001,9.0,,2.0,3.79,2945453
PEBO,Peoples Bancorp Inc.,Financial Services,Banks - Regional,31.96,1.141066752,36,8,10,5,2,7,4,-0.558,0.171,0.0,0.38013,10.688963,9.057493,2.7354136,0.9254379,,0.09212,,0.03348,0.61074,0.0277,34.33333,2.57143,6.0,0.636,211658
PL,Planet Labs PBC,Industrials,Aerospace & Defense,26.35,8.830969856,36,9,0,4,4,4,15,0.326,,0.57954,-0.20854001,,-395.58624,31.264606,23.632288,,-0.31826,131.982,0.01957,0.71981,0.1425,24.37778,1.7,9.0,1.943,12072681
QDEL,QuidelOrtho Corporation,Healthcare,Medical Devices,27.41,1.862003328,36,0,14,4,4,2,12,-0.037,,0.47244,0.06672,,10.9356985,0.68597233,0.91394085,,-0.45165002,140.694,0.00942,1.2311901,0.2572,38.33333,2.42857,6.0,0.593,1244853
RAPP,"Rapport Therapeutics, Inc.",Healthcare,Biotechnology,26.75,1.274935424,36,0,8,5,6,2,15,,,0.0,0.0,,-7.8064127,,2.4913847,,-0.23409,2.32,0.0468,1.0433,0.1096,52.25,1.11111,8.0,,389376
REPL,"Replimune Group, Inc.",Healthcare,Biotechnology,7.39,0.579696256,36,0,8,5,6,2,15,,,0.0,0.0,,-3.5830302,,2.2000594,,-0.96236,28.984,0.02328,1.06485,0.3432,12.57143,1.625,7.0,0.732,1754088
RHI,Robert Half Inc.,Industrials,Staffing & Employment Services,27.09,2.756100352,36,5,8,10,2,2,9,-0.075,-0.329,0.37535,0.0100300005,17.59091,11.154666,0.5049191,2.1042411,,0.11270001,18.722,0.03326,1.0961,0.2467,30.66667,3.27273,9.0,0.841,2212283
RILY,"BRC Group Holdings, Inc.",Financial Services,Financial Conglomerates,9.2,0.281492992,36,12,5,4,6,5,4,0.89,,-0.13774,0.18219,,,0.33103502,-1.0807002,,,,0.31829,0.21617001,0.2733,,,,1.218,1859156
RLAY,"Relay Therapeutics, Inc.",Healthcare,Biotechnology,7.71,1.336315648,36,0,8,5,6,2,15,,,0.0,-38.873367,,-4.707908,159.94203,2.190341,,-0.41145,5.484,0.01322,0.97976,0.1565,14.54545,1.16667,11.0,1.555,2266135
RVT,"Royce Value Trust, Inc.",Financial Services,Asset Management,17.45,2.087506176,36,6,5,15,4,2,4,0.19,-0.459,1.0,0.26489002,12.925926,,80.73272,1.0421644,,0.094289996,1.747,0.00081,0.29584998,0.1129,,,,1.246,364745
SBRA,"Sabra Health Care REIT, Inc.",Real Estate,REIT - Healthcare Facilities,18.52,4.617956352,36,8,7,11,4,2,4,0.073,-0.292,0.66634005,0.31061,25.369864,24.693335,6.1815395,1.6347426,,0.06284,92.011,0.01302,1.00017,0.1266,21.0,2.21429,13.0,0.657,2916120
SITC,SITE Centers Corp.,Real Estate,REIT - Retail,6.11,0.32140416,36,5,15,6,4,2,4,-0.566,,0.62288,-0.14449,11.314815,-8.256757,2.2963674,1.0394692,,0.025409998,80.672,0.05471,1.10182,0.1025,9.375,2.8,4.0,1.16,1434847
TNDM,"Tandem Diabetes Care, Inc.",Healthcare,Medical Devices,19.76,1.339774592,36,3,9,4,8,0,12,0.022,,0.53228,-0.08049,,-20.327963,1.33046,10.071356,,-1.09727,341.582,0.0099599995,1.17137,0.1838,25.95238,2.34783,21.0,1.69,1888053
TTI,"Tetra Technologies, Inc.",Industrials,Conglomerates,11.56,1.546112,36,3,6,9,6,3,9,0.081,,0.31749,0.07263,12.565218,43.34946,2.4987466,5.207207,,0.54005,73.575,0.061189998,0.86882,0.0766,12.75,1.25,4.0,1.121,2134353
UAMY,United States Antimony Corporat,Basic Materials,Other Industrial Metals & Mining,8.29,1.160895104,36,12,2,5,6,7,4,2.383,,0.26449,-0.62,,82.9,36.43988,15.045372,,-0.10189,0.37,0.13486,0.36220002,0.19459999,9.66667,1.0,3.0,-0.006,12489471
UWMC,UWM Holdings Corporation,Financial Services,Mortgage Finance,5.7,9.196939264,36,5,6,9,6,6,4,-0.104,,1.0,0.16524,51.81818,12.79289,3.402371,7.5197887,,0.063779995,917.179,0.14674,0.68719,0.1567,6.59375,,8.0,1.929,13050755
VOYG,"Voyager Technologies, Inc.",Industrials,Aerospace & Defense,33.07,1.969245056,36,0,7,5,4,5,15,-0.0,,0.19071,-0.60735,,-29.08915,12.504731,3.3169508,,,1.7,0.05342,0.44638002,0.1082,43.42857,1.42857,7.0,,1772300
ALMS,Alumis Inc.,Healthcare,Biotechnology,26.84,3.346703872,35,0,4,10,2,4,15,,,1.0,-53.72314,,-8.4757805,151.2908,7.279631,,-0.66876,9.823,0.0065499996,0.68628,0.1733,37.25,1.11111,8.0,,2922708
ASIX,AdvanSix Inc.,Basic Materials,Chemicals,16.05,0.431167744,35,5,14,4,6,2,4,-0.06,,0.09982,-0.00545,8.359375,7.9455442,0.28911278,0.5269551,,0.06617,49.695,0.033570003,0.92919,0.031,21.0,2.0,2.0,1.703,519470
AVTR,"Avantor, Inc.",Healthcare,Medical Instruments & Supplies,10.81,7.370418688,35,0,12,6,2,3,12,-0.053,,0.33131,0.0848,,11.87873,1.1209421,1.3232955,,-0.014780001,69.26,0.013839999,1.02553,0.060100004,13.03571,2.77778,14.0,0.925,10365065
BCSF,"Bain Capital Specialty Finance,",Financial Services,Asset Management,13.19,0.855615616,35,5,9,10,0,7,4,-0.074,-0.435,1.0,0.74867994,9.159721,7.9778385,3.0739172,0.7581767,,0.08185001,132.592,0.00641,0.54221,0.0061000003,14.83333,,3.0,0.636,408894
BMNR,"BitMine Immersion Technologies,",Financial Services,Capital Markets,26.7,12.144828416,35,12,10,0,4,5,4,0.909,,0.22108999,-96.88923,,28.404257,1689.8328,0.9695693,,-0.86262,,0.01498,0.20569,0.0615,48.66667,1.0,3.0,0.918,45108845
BRX,Brixmor Property Group Inc.,Real Estate,REIT - Retail,26.4,8.081039872,35,3,5,12,10,1,4,0.063,-0.041,0.74907,0.37111,24.444443,26.799854,6.002455,2.7275546,,0.113809995,187.174,0.00759,1.03093,0.07,30.33333,1.5,18.0,1.083,2687895
CODI,D/B/A Compass Diversified Holdi,Industrials,Conglomerates,6.56,0.493547936,35,3,10,2,6,5,9,0.035,,0.42393002,-0.02342,,-6.56,0.2599049,11.927273,,-0.31614,719.189,0.11504,0.67679,0.0687,14.0,2.0,2.0,1.049,1609173
DBI,Designer Brands Inc.,Consumer Cyclical,Footwear & Accessories,6.22,0.30873648,35,6,12,4,6,3,4,-0.032,0.458,0.42876,0.05683,,14.640461,0.10673121,1.0335659,,-0.07906,430.149,0.20011,0.87725997,0.499,7.25,,2.0,0.964,1153586
DEI,"Douglas Emmett, Inc.",Real Estate,REIT - Office,10.61,2.153427456,35,5,12,8,4,2,4,-0.003,,0.63723,0.18924999,88.416664,-52.82023,2.1527042,0.91182536,,0.00022,158.296,0.044660002,1.03347,0.2382,13.22727,2.92308,11.0,1.163,2252221
DOMO,"Domo, Inc.",Technology,Software - Application,6.01,0.251208944,35,0,10,5,4,4,12,-0.005,,0.7439,-0.08728,,-751.25,0.7899603,-1.308798,,,,0.09222,0.9251,0.1426,16.5,,6.0,1.65,917976
ECVT,Ecovyst Inc.,Basic Materials,Specialty Chemicals,10.82,1.238002432,35,9,8,4,6,4,4,0.332,,0.24701001,0.16424999,,17.878683,1.5889202,2.029638,,-0.04697,147.58,0.01433,1.0539399,0.0469,12.0,1.5,6.0,1.166,1326218
FOLD,"Amicus Therapeutics, Inc.",Healthcare,Biotechnology,14.27,4.476555776,35,6,2,9,0,3,15,0.195,,0.89775,0.2027,,22.043716,7.477077,19.10308,,-0.068720005,192.177,0.00574,1.0144401,0.0631,14.5,3.0,5.0,0.415,10833143
GNL,"Global Net Lease, Inc.",Real Estate,REIT - Diversified,9.52,2.10361792,35,0,10,10,4,7,4,-0.127,,0.81467,0.38878,,-50.105267,2.7998476,1.2325221,,-0.12027001,172.549,0.11059,0.71950996,0.0838,9.5,,7.0,1.108,1698251
HRL,Hormel Foods Corporation,Consumer Defensive,Packaged Foods,24.44,13.444622336,35,8,10,6,4,3,4,0.015,,0.15704,0.07222,28.091955,15.704115,1.1105604,1.7015945,,0.06002,38.22,0.00448,0.91337997,0.067600004,27.25,2.5,8.0,0.324,4920998
KFRC,"Kforce, Inc.",Industrials,Staffing & Employment Services,32.93,0.612465088,35,5,6,10,2,3,9,-0.059,-0.161,0.27135,0.045100003,14.570797,14.486442,0.4568007,4.3351765,,0.27194,61.368,0.055040002,0.95529,0.0739,36.5,2.6,3.0,0.555,245428
KIM,Kimco Realty Corporation (HC),Real Estate,REIT - Retail,20.71,14.024710144,35,3,7,11,8,2,4,0.056,0.002,0.69026,0.34331,24.951807,26.815655,6.6059036,1.3374233,,0.056700002,78.195,0.02155,0.98197997,0.048299998,23.75,2.32,22.0,1.065,4862523
LE,"Lands' End, Inc.",Consumer Cyclical,Apparel Retail,18.01,0.550224768,35,5,13,4,4,5,4,-0.004,,0.48839,0.057389997,48.675674,18.760418,0.4186011,2.3819602,,0.0517,140.589,0.71873003,0.27377,0.1247,35.0,1.0,2.0,2.262,223025
MBI,MBIA Inc.,Financial Services,Insurance - Specialty,6.67,0.33679248,35,0,6,10,8,7,4,-0.545,,1.1827999,2.86667,,-13.34,3.6214244,-0.1544804,,,,0.10425,0.48751,0.0383,7.75,,2.0,1.585,356616
MNRO,"Monro, Inc.",Consumer Cyclical,Auto Parts,18.99,0.570073344,35,8,10,6,2,5,4,-0.041,1.469,0.34767,0.0633,,26.746479,0.48379812,0.98577654,,-0.01997,67.681,0.1893,1.21914,0.2148,20.66667,2.6,3.0,,894391
NZF,Nuveen Municipal Credit Income ,Financial Services,Asset Management,12.35,2.392553984,35,8,5,14,2,2,4,-0.012,0.734,1.0,0.86901003,41.166668,,11.431425,0.96049154,,0.022969998,67.796,0.00137,0.17801,0.0025,,,,0.775,621046
OCSL,Oaktree Specialty Lending Corpo,Financial Services,Asset Management,12.47,1.098426496,35,5,9,10,0,7,4,-0.183,-0.38,1.0,0.79975,31.974361,8.219576,3.4672444,0.749354,,0.022969998,101.937,0.0029499999,0.48310003,0.0215,13.70833,3.0,6.0,0.576,715938
RQI,Cohen & Steers Quality Income R,Financial Services,Asset Management,12.19,1.638719232,35,0,5,16,8,2,4,-0.005,,1.0,0.72635,8.769784,,18.648102,0.9447415,,0.10938,40.93,0.0,0.17663999,0.0022,,,,1.503,585643
SBGI,"Sinclair, Inc.",Communication Services,Broadcasting,14.29,0.995778432,35,0,10,3,6,7,9,-0.157,,0.46328998,0.02846,,13.154262,0.2984053,2.8677504,,-0.115200005,1537.355,0.16787,0.65388,0.2606,17.28571,2.85714,7.0,0.945,445345
SNAP,Snap Inc.,Communication Services,Internet Content & Information,7.24,12.448155648,35,3,10,4,2,7,9,0.098,,0.54285,-0.08519,,15.101581,2.1565447,5.5606756,,-0.22382,186.482,0.23156999,0.52579,0.0861,9.77778,2.86364,36.0,0.814,44645856
SONO,"Sonos, Inc.",Technology,Consumer Electronics,14.34,1.733423232,35,3,8,7,6,2,9,0.127,,0.43924,-0.092180006,,-95.6,1.2010337,4.8478703,,-0.15601,16.785,0.01582,0.93609,0.144,18.35,2.5,4.0,2.023,1523071
SVV,"Savers Value Village, Inc.",Consumer Cyclical,Specialty Retail,10.53,1.645075072,35,3,12,6,8,2,4,0.081,,0.55342,0.084910005,,19.932234,1.01782,3.9675958,,-0.00402,329.233,0.00093999994,1.106,0.32349998,14.65,1.54545,10.0,0.987,1114950
TENB,"Tenable Holdings, Inc.",Technology,Software - Infrastructure,21.58,2.613229312,35,3,10,6,0,1,15,0.112,,0.77931,0.028719999,,12.242513,2.6813269,7.521785,,-0.089499995,121.298,0.01959,0.95791,0.061,35.26316,2.04348,19.0,0.637,1413198
TIPT,Tiptree Inc.,Financial Services,Insurance - Specialty,17.88,0.676288384,35,3,10,6,4,8,4,0.093,-0.564,0.29914,0.11376,15.547826,,0.32669738,1.3386239,,0.12739,80.542,0.38527,0.40609002,0.012,,,,1.223,210921
TOWN,Towne Bank,Financial Services,Banks - Regional,35.5,3.274717184,35,8,9,5,4,5,4,0.141,-0.108,0.0,0.34379002,15.919282,8.970309,4.2717476,1.1522233,,0.074829996,,0.06883,0.60183996,,40.5,2.0,4.0,0.789,357490
TSSI,"TSS, Inc.",Technology,Information Technology Services,10.57,0.304892032,35,0,10,6,2,5,12,-0.402,,0.12733,-0.022230001,55.631577,,1.2983135,4.5996513,,0.13728,65.207,0.14739001,0.41137,0.18129998,15.0,,1.0,2.041,1640036
TWI,"Titan International, Inc. (DE)",Industrials,Farm & Heavy Construction Machinery,9.35,0.597946496,35,3,12,1,8,2,9,0.041,,0.13274,0.02178,,28.549622,0.33190173,1.049854,,-0.00824,123.494,0.05908,0.90555,0.145,11.0,,4.0,1.416,653605
UCB,"United Community Banks, Inc.",Financial Services,Banks - Regional,34.7,4.218024704,35,11,9,5,2,4,4,0.105,0.148,0.0,0.45793,13.244276,10.785978,4.1583686,1.1500729,,0.0928,,0.00412,0.87179,0.0317,37.16667,2.14286,6.0,0.84,781215
UTG,53270,Financial Services,Asset Management,38.11,3.455923456,35,0,5,20,4,2,4,-0.056,-0.009,1.0,0.65939003,4.446908,,37.04446,0.9808766,,0.24096,24.835,0.00029,0.13836999,0.0004,,,,0.879,286708
ABR,Arbor Realty Trust,Real Estate,REIT - Mortgage,7.88,1.669649152,34,5,9,7,4,5,4,-0.3,-0.357,0.85546,0.1354,9.974684,9.403341,3.019754,0.6524259,,0.06595,335.742,0.024600001,0.5995,0.2833,8.875,3.4,4.0,1.34,3925236
ACI,"Albertsons Companies, Inc.",Consumer Defensive,Grocery Stores,16.59,9.113012224,34,8,12,6,0,4,4,0.019,-0.203,0.27119,0.02891,10.772728,7.2145176,0.11151534,3.4079704,,0.29655,616.824,0.14939,0.73627,0.1254,22.0,2.14286,17.0,0.308,9185415
ANNX,"Annexon, Inc.",Healthcare,Biotechnology,6.52,0.971844288,34,0,6,5,4,4,15,,,0.0,0.0,,-5.48443,,4.6504993,,-0.83985,16.686,0.0033399998,0.79593,0.145,14.33333,,6.0,1.194,2927640
ARHS,"Arhaus, Inc.",Consumer Cyclical,Specialty Retail,9.92,1.399350144,34,6,10,8,4,2,4,0.08,0.239,0.45577,0.047620002,19.076923,19.85072,1.0278848,3.494188,,0.20376,142.754,0.05126,1.09092,0.16459998,11.5,2.4,13.0,2.508,1283665
ASYS,"Amtech Systems, Inc.",Technology,Semiconductor Equipment & Materials,17.39,0.25032704,34,0,5,6,4,4,15,-0.177,,0.33999002,0.092580006,,72.458336,3.1541636,4.6759877,,-0.44681,36.551,0.06795,0.65749,0.041199997,12.0,,1.0,1.649,264120
BAX,Baxter International Inc.,Healthcare,Medical Instruments & Supplies,19.73,10.14232064,34,3,12,4,0,3,12,0.05,,0.3793,0.10123,,8.698605,0.92010534,1.4003832,,-0.04658,134.627,0.0036700002,1.0610299,0.0988,23.13333,2.82353,15.0,0.589,8675095
BEPC,Brookfield Renewable Corporatio,Utilities,Utilities - Renewable,39.32,7.06765056,34,0,5,9,6,4,10,-0.05,,0.59561,0.30216998,,-42.208317,1.8463037,-62.912,,-0.05922,139.506,0.00044,0.73535,,43.0,2.6,5.0,1.207,1062575
BNED,"Barnes & Noble Education, Inc",Consumer Cyclical,Specialty Retail,9.01,0.306825184,34,8,10,2,8,2,4,0.07,-0.557,0.20841,0.06331,12.342465,-0.24351352,0.18293992,1.0833232,,0.00685,110.137,0.097849995,0.80309,0.1146,,,,1.405,404901
BNTC,Benitec Biopharma Inc.,Healthcare,Biotechnology,12.61,0.427002624,34,0,8,5,4,2,15,,,0.0,0.0,,-1.3386412,,3.536175,,-0.53015,0.873,0.027390001,0.81953,0.1025,23.83333,,6.0,0.191,245166
BRSP,"BrightSpire Capital, Inc.",Real Estate,REIT - Mortgage,6.14,0.798162752,34,0,10,10,4,6,4,-0.048,-0.955,0.7454,0.44166002,,8.753546,2.4121401,0.8158384,,-0.04275,226.483,0.02417,0.70333,0.0353,6.35714,2.25,7.0,1.444,730228
CRI,"Carter's, Inc.",Consumer Cyclical,Apparel Retail,33.61,1.225012864,34,5,10,5,8,2,4,-0.001,-0.803,0.46793,0.03554,13.662601,12.088624,0.4324561,1.4195211,,0.10519,136.291,0.034059998,1.15017,0.14060001,33.4,3.5,5.0,1.061,1099186
CRVS,"Corvus Pharmaceuticals, Inc.",Healthcare,Biotechnology,20.94,1.754094592,34,0,5,5,4,5,15,,,0.0,0.0,,-34.048782,,21.789803,,-0.35817,1.409,0.03522,0.5125,0.19450001,33.33333,1.14286,6.0,0.693,3434050
DOC,"Healthpeak Properties, Inc.",Real Estate,REIT - Healthcare Facilities,17.14,11.91143936,34,3,11,8,6,2,4,0.008,,0.59741,0.18601999,,68.56,4.252418,1.5678741,,-0.00115,114.248,0.0029199999,0.97435,0.048899997,20.25,2.05,18.0,1.1,7838911
DRH,Diamondrock Hospitality Company,Real Estate,REIT - Hotel & Motel,9.19,1.876761856,34,8,10,6,4,2,4,0.001,-0.112,0.27543,0.15714,35.346153,19.76344,1.6682209,1.1949031,,0.03975,75.142,0.01391,1.0961599,0.105500005,10.1875,2.07692,12.0,1.043,3316736
ESRT,"Empire State Realty Trust, Inc.",Real Estate,REIT - Diversified,6.73,1.99870272,34,3,12,8,4,3,4,0.015,-0.422,0.52796,0.19892,33.649998,112.16667,2.608646,1.0960913,,0.03353,115.983,0.00075999997,1.01222,0.0548,7.76,2.66667,5.0,1.354,1449346
FIGS,"FIGS, Inc.",Consumer Cyclical,Apparel Manufacturing,11.2,1.842385408,34,8,5,11,4,2,4,0.082,,0.67977,0.06353,101.818184,98.41828,3.1708736,4.4479747,,0.04316,13.092,0.050279997,0.93937,0.100600004,9.81429,2.9,7.0,1.298,2558563
GBDC,"Golub Capital BDC, Inc.",Financial Services,Asset Management,13.55,3.609400576,34,0,9,10,4,7,4,-0.029,0.006,1.0,0.78556997,9.5422535,10.503877,4.1450343,0.90502274,,0.0942,123.056,0.01375,0.46537,0.0218,15.0,1.5,5.0,0.443,1669843
GTLB,GitLab Inc.,Technology,Software - Infrastructure,35.5,5.978200064,34,6,7,5,0,1,15,0.246,,0.88013,-0.05057,,34.550552,6.596613,6.475739,,-0.05608,,0.027520001,0.92517,0.069299996,51.15385,,26.0,0.757,4552240
HP,"Helmerich & Payne, Inc.",Energy,Oil & Gas Drilling,33.7,3.351122432,34,9,10,3,0,3,9,0.458,,0.32958,0.01566,,38.78021,0.89458376,1.2299271,,-0.05567,78.111,0.03906,0.98955,0.089099996,31.73333,2.5625,15.0,0.552,1563528
JBLU,JetBlue Airways Corporation,Industrials,Airlines,5.05,1.8367392,34,0,10,0,8,7,9,-0.014,,0.22389999,-0.044120003,,-16.833334,0.20268586,0.8091652,,-0.24516001,415.11,0.19320999,0.69746,0.1634,4.71429,3.6875,14.0,1.777,18171708
JFR,Nuveen Floating Rate Income Fun,Financial Services,Asset Management,7.94,1.278081408,34,0,7,14,4,5,4,-0.073,-0.456,1.0,0.87427,14.178572,,7.3529096,0.89971673,,0.078049995,36.608,0.0005,0.33283,0.0011,,,,0.406,1003280
JQC,Nuveen Credit Strategies Income,Financial Services,Asset Management,5.13,0.75829952,34,0,7,14,4,5,4,-0.098,-0.465,1.0,0.86078,12.825,,7.068691,0.90572035,,0.07811,59.059,0.0,0.31832,0.0014,,,,0.415,939895
LINC,Lincoln Educational Services Co,Consumer Defensive,Education & Training Services,26.61,0.841509248,34,11,6,5,4,4,4,0.236,-0.069,0.60262,0.04452,59.133335,31.678574,1.7009052,4.5278206,,0.07943,105.312,0.07289,0.84435,0.038599998,28.2,1.2,5.0,0.987,268643
MAC,Macerich Company (The),Real Estate,REIT - Retail,18.68,5.008589824,34,6,9,8,4,3,4,0.239,,0.57897997,0.20844999,,-98.315796,4.5533547,1.9067062,,-0.15561,199.363,0.00392,1.0336599,0.0887,20.13333,2.375,15.0,2.052,1753701
MAGN,Magnera Corporation,Consumer Defensive,Household & Personal Products,13.25,0.4717,34,12,12,2,4,0,4,0.514,,0.105179995,0.10130999,,8.597141,0.14722222,0.44332173,,-0.09928001,189.38,0.01145,1.05502,0.10560001,17.0,,2.0,,942928
NBHC,National Bank Holdings Corporat,Financial Services,Banks - Regional,39.97,1.512061568,34,5,11,4,6,4,4,-0.077,-0.417,0.0,0.22981001,14.024562,10.125396,3.7965646,1.0899919,,0.08146,,0.050240003,1.01333,0.029000001,46.25,1.5,4.0,0.799,345363
NLOP,Net Lease Office Properties,Real Estate,REIT - Office,19.47,0.288430016,34,0,10,15,0,5,4,-0.054,,0.87438005,0.3748,,,2.4885895,0.6703853,,-0.34123,10.852,0.00658,0.59365004,0.028099999,,,,0.304,234291
NMAX,"Newsmax, Inc.",Communication Services,Broadcasting,7.06,0.911651584,34,3,9,7,0,6,9,0.04,,0.44249,-0.159,,-88.25,4.9361105,8.599269,,,4.914,0.21957001,0.29928,0.0773,20.5,,2.0,,994156
NP,Neptune Insurance Holdings Inc.,Financial Services,Insurance Brokers,26.0,3.58891008,34,9,0,9,4,8,4,0.312,-0.019,0.65769,0.57852,,51.54128,24.36678,-4.907512,,,,0.37872002,0.56499,0.106400006,28.75,2.41667,12.0,,332638
NRGV,"Energy Vault Holdings, Inc.",Utilities,Utilities - Renewable,5.26,0.882575424,34,12,0,2,2,8,10,26.789,,0.22649999,-0.52772,,-36.275864,10.527404,10.867769,,-1.1151999,79.12,0.14543,0.35277,0.0695,3.73,2.33333,3.0,0.915,3247816
NSA,National Storage Affiliates Tru,Real Estate,REIT - Industrial,31.83,4.688772608,34,3,5,10,8,4,4,0.001,-0.052,0.72303003,0.36969003,52.18033,69.91609,6.323268,3.8736765,,0.06245,216.826,0.08044,0.99213,0.1478,32.46429,3.25,14.0,1.202,1346940
NX,Quanex Building Products Corpor,Industrials,Building Products & Equipment,18.67,0.857669952,34,0,14,2,6,3,9,-0.005,,0.27166998,0.08758,,7.722854,0.46672335,1.1676778,,-0.28879,117.565,0.0127,0.99894994,0.0622,28.0,,4.0,0.94,790100
OLN,Olin Corporation,Basic Materials,Chemicals,22.34,2.56109184,34,8,10,2,8,2,4,0.078,,0.092539996,0.05288,48.565216,16.668158,0.37735257,1.2992904,,0.02557,165.732,0.0046900003,0.98339,0.13350001,23.26667,2.86667,15.0,1.635,2607951
PNNT,PennantPark Investment Corporat,Financial Services,Asset Management,5.85,0.381982144,34,5,9,10,0,6,4,-0.234,,1.0,0.7356,11.7,9.255303,3.1213558,0.82336384,,0.068330005,159.259,0.03253,0.20634001,0.0383,6.15,2.875,5.0,0.637,688116
RLJ,RLJ Lodging Trust,Real Estate,REIT - Hotel & Motel,7.5,1.138926848,34,5,10,2,8,5,4,-0.046,,0.26768,0.063140005,150.0,-1500.0,0.84292334,0.6117455,,0.01482,106.019,0.19126,0.91283,0.1067,8.425,2.81818,10.0,1.134,1950993
SLRC,SLR Investment Corp.,Financial Services,Asset Management,14.96,0.81613728,34,0,9,10,4,7,4,-0.047,0.057,1.0,0.70728993,9.012049,9.401177,3.7153554,0.82166195,,0.09071,114.666,0.02737,0.40476,0.0054,16.41667,,9.0,0.696,255538
SNDX,"Syndax Pharmaceuticals, Inc.",Healthcare,Biotechnology,20.59,1.789576576,34,12,5,0,0,2,15,2.67,,-1.19697,-1.2519001,,-12.861436,16.078278,15.5045185,,-1.29322,299.256,0.01279,1.18659,0.29,39.30769,,13.0,0.483,1951131
TDOC,"Teladoc Health, Inc.",Healthcare,Health Information Services,5.7,1.0115984,34,0,15,6,2,2,9,-0.022,,0.69802004,-0.056599997,,-6.612529,0.4001261,0.72611463,,-0.15421,74.855,0.01013,0.72479,0.15640001,8.93182,2.66667,22.0,2.048,5701460
UMAC,"Unusual Machines, Inc.",Technology,Computer Hardware,15.28,0.582319424,34,9,3,5,4,4,9,0.394,,0.32342997,-2.32445,,-54.571426,70.1178,4.5503273,,-0.57082003,1.21,0.07349,0.24131,0.1523,19.2,,5.0,,3164205
VELO,"Velo3D, Inc.",Technology,Computer Hardware,14.12,0.347600928,34,12,4,0,6,3,9,0.654,,-0.01835,-0.77933,,,7.071096,9.791955,,-2.24166,108.403,0.50494,0.11175,0.17040001,18.0,,1.0,1.969,1379571
VIAV,Viavi Solutions Inc.,Technology,Communication Equipment,24.7,5.513012224,34,6,4,8,4,3,9,0.166,,0.59501,0.10261,,24.952017,4.814017,7.28184,,0.02132,86.448,0.01646,1.02561,0.0556,26.07143,1.375,7.0,0.948,3931086
VKTX,"Viking Therapeutics, Inc.",Healthcare,Biotechnology,30.24,3.418219008,34,0,6,5,6,2,15,,,0.0,0.0,,-8.132706,,4.768964,,-0.29227,0.106,0.021760002,0.65836,0.26639998,93.38889,1.38889,18.0,0.703,3228413
VTYX,"Ventyx Biosciences, Inc.",Healthcare,Biotechnology,13.95,1.000914496,34,0,1,5,8,5,15,,,0.0,0.0,,-8.563588,,5.1994033,,-0.45352,5.238,0.04219,0.67990994,0.0673,14.14286,,7.0,1.242,3271736
WKC,World Kinect Corporation,Energy,Oil & Gas Refining & Marketing,26.75,1.48619712,34,0,10,5,8,2,9,-0.105,-0.193,0.025799999,0.00721,,11.114943,0.03947602,0.9192755,,-0.2357,48.903,0.0383,1.0992199,0.16280001,28.66667,,3.0,1.136,902666
AAOI,"Applied Optoelectronics, Inc.",Technology,Communication Equipment,39.57,2.701835264,33,12,3,4,0,5,9,0.821,,0.29332,-0.15331,,46.77305,6.4068255,4.817385,,-0.40431,42.062,0.04397,0.6358,0.1823,36.6,2.33333,5.0,3.248,5168351
ACVA,ACV Auctions Inc.,Consumer Cyclical,Auto & Truck Dealerships,7.88,1.429990272,33,6,12,4,4,3,4,0.165,,0.28976,-0.025090002,,31.677118,1.9443084,3.123266,,-0.16329001,60.964,0.023,1.01463,0.0687,10.70833,2.21429,12.0,1.629,3909876
ALH,Alliance Laundry Holdings Inc.,Consumer Cyclical,"Furnishings, Fixtures & Appliances",21.81,4.423655424,33,8,9,6,4,2,4,0.139,,0.3712,0.19535999,36.35,18.145212,2.6496904,-27.642586,,,,0.05743,0.80163,0.1392,31.125,1.375,8.0,,1117738
AMLX,"Amylyx Pharmaceuticals, Inc.",Healthcare,Drug Manufacturers - Specialty & Generic,14.85,1.630820608,33,0,10,10,2,2,9,,,0.0,291.0421,,-11.883802,-2452.3618,4.909091,,-0.56525004,1.788,0.0756,1.04069,0.13239999,20.22222,1.18182,9.0,-0.306,1627851
AP,Ampco-Pittsburgh Corporation,Industrials,Metal Fabrication,5.82,0.118299584,33,3,10,1,2,8,9,0.123,,0.20015,0.043080002,,25.304348,0.277494,1.9589365,,-0.04081,187.586,0.23469,0.45896,0.0031,,,,0.803,213381
ASPI,ASP Isotopes Inc.,Basic Materials,Chemicals,7.24,0.905797248,33,12,5,0,4,8,4,3.495,,0.22996001,-3.06102,,-13.490599,108.04712,9.129887,,-1.52556,117.652,0.1728,0.4779,0.1942,13.0,,3.0,3.495,6364070
BDJ,Blackrock Enhanced Equity Divid,Financial Services,Asset Management,9.62,1.702207872,33,3,5,17,2,2,4,-0.069,0.129,1.0,0.69526,9.917525,,37.733345,1.0249307,,0.10333,0.451,0.0,0.18037,0.0023999999,,,,0.862,445886
BRBR,"BellRing Brands, Inc.",Consumer Defensive,Packaged Foods,25.04,2.996589056,33,11,9,4,2,3,4,0.166,-0.13,0.33256,0.15767,14.904763,11.31864,1.2935289,-6.6648927,,,,0.01475,1.09657,0.0668,35.85714,1.73333,14.0,0.727,4094120
BRW,187480,Financial Services,Asset Management,6.78,0.290773088,33,3,7,14,0,5,4,-0.331,0.15,1.0,-0.82999,5.215385,,9.425918,0.811976,,0.1585,17.178,0.0,0.33134997,0.001,,,,0.424,318180
BZH,"Beazer Homes USA, Inc.",Consumer Cyclical,Residential Construction,24.21,0.720488384,33,5,10,3,8,3,4,-0.018,-0.399,0.14778,0.033970002,15.927631,8.179053,0.3038042,0.56381,,0.03675,84.624,0.07372,0.86703,0.0594,26.0,2.0,3.0,2.189,430481
CAL,"Caleres, Inc.",Consumer Cyclical,Apparel Retail,12.33,0.417932256,33,8,14,3,4,0,4,0.066,-0.941,0.43284,0.02428,19.265625,7.3832335,0.15467411,0.67777044,,0.029790001,153.695,0.03677,1.01759,0.2,17.0,2.0,2.0,0.653,1068255
CDP,COPT Defense Properties,Real Estate,REIT - Office,30.21,3.492686592,33,6,7,9,4,3,4,0.007,0.154,0.57845,0.3129,22.886362,22.886362,4.639859,2.2593672,,0.09993,157.675,0.0028400002,1.11014,0.0554,33.125,1.75,8.0,0.873,1032006
CMTL,Comtech Telecommunications Corp,Technology,Communication Equipment,5.77,0.170961504,33,0,10,3,4,7,9,-0.041,,0.30343,0.0035499998,,-7.0365853,0.3455443,1.9958491,,-0.07879,92.564,0.086389996,0.46795,0.026300002,6.0,,1.0,1.047,358053
CTEV,Claritev Corporation,Healthcare,Health Information Services,26.93,0.445035584,33,3,10,7,2,2,9,0.067,,0.74716,0.097370006,,4.9052825,0.46796393,-4.3660827,,-6.4633803,,0.0668,0.86509,0.1076,57.25,,4.0,0.516,227168
CTNM,"Contineum Therapeutics, Inc.",Healthcare,Biotechnology,14.6,0.533329952,33,0,7,5,0,6,15,,,0.0,0.0,,-6.6406803,,2.3609314,,-0.304,3.044,0.011419999,0.58145,0.0916,20.33333,,6.0,,230663
DRVN,Driven Brands Holdings Inc.,Consumer Cyclical,Auto & Truck Dealerships,15.22,2.502993408,33,3,12,4,8,2,4,0.066,,0.41851002,0.11562,,10.864367,1.026113,3.1544044,,-0.27287,347.262,0.021540001,1.03947,0.19870001,20.92308,1.71429,13.0,1.043,1059341
EOSE,"Eos Energy Enterprises, Inc.",Industrials,Electrical Equipment & Parts,16.11,5.221221888,33,12,0,0,4,5,12,34.728,,-1.7794,-1.9807299,,-104.903305,82.27839,-1.9558091,,,,0.01745,0.51232,0.2531,16.125,2.25,8.0,2.12,21335036
EPC,Edgewell Personal Care Company,Consumer Defensive,Household & Personal Products,18.89,0.882448384,33,8,12,6,0,3,4,0.038,,0.41979,0.0726,35.64151,7.5476975,0.39687356,0.5651289,,0.01619,95.635,0.01391,1.0090799,0.0779,22.33333,2.28571,6.0,0.616,710828
FIBK,"First Interstate BancSystem, In",Financial Services,Banks - Regional,36.14,3.718466816,33,9,9,5,0,6,4,0.079,0.28,0.0,0.398,12.292517,12.345805,3.8989902,1.0895058,,0.07202,,0.16150999,0.91933,0.0817,37.375,2.5,8.0,0.782,1364323
FRA,Blackrock Floating Rate Income ,Financial Services,Asset Management,11.8,0.418130176,33,0,7,14,4,4,4,-0.196,-0.437,1.0,0.89606005,13.563218,,8.545386,0.9467266,,0.06796,31.297,0.0,0.28378,0.0047,,,,0.42,255490
JBIO,"Jade Biosciences, Inc.",Healthcare,Biotechnology,15.38,0.758454464,33,0,7,5,2,4,15,,,0.0,0.0,,,,2.7978897,,,0.483,0.00987,0.79322,,21.5,1.0,6.0,,311611
MATW,Matthews International Corporat,Industrials,Conglomerates,26.02,0.809900608,33,0,14,1,8,1,9,-0.286,,0.34182,0.02431,,16.416403,0.5407669,1.6661332,,-0.05331,159.373,0.0471,0.87501997,0.0892,38.0,,2.0,1.176,296638
MBC,"MasterBrand, Inc.",Consumer Cyclical,"Furnishings, Fixtures & Appliances",12.01,1.522620288,33,5,12,4,8,0,4,-0.027,-0.364,0.31308,0.084989995,19.063492,11.891089,0.5521141,1.0999177,,0.06192,77.788,0.01891,1.07962,0.1892,15.0,,1.0,1.463,1673736
MED,MEDIFAST INC,Consumer Cyclical,Personal Services,11.15,0.122552688,33,5,14,10,0,0,4,-0.362,,0.72439003,-0.045640003,557.5,-6.9254656,0.28520855,0.53369707,,0.00118,5.711,0.03203,0.85542,0.2019,15.0,,1.0,0.502,243228
MH,"McGraw Hill, Inc.",Consumer Defensive,Education & Training Services,14.83,2.832552448,33,0,12,9,6,2,4,-0.028,-0.289,0.80612,0.23681,,9.006711,1.3522782,3.564904,,,363.9,0.00451,1.02404,0.113900006,20.83333,1.38462,12.0,,655071
MLKN,"MillerKnoll, Inc.",Consumer Cyclical,"Furnishings, Fixtures & Appliances",19.43,1.331242112,33,0,15,4,8,2,4,-0.016,-0.286,0.38721,0.05381,,8.687021,0.35510206,1.0203224,,-0.01573,133.791,0.01603,0.96255,0.0363,32.0,,1.0,1.314,853191
MMI,"Marcus & Millichap, Inc.",Real Estate,Real Estate Services,26.98,1.052138368,33,6,10,7,4,2,4,0.151,,0.37743,-0.01224,,46.11966,1.4004537,1.7493353,,-0.010930001,13.044,0.03506,0.96922,0.021,29.0,,1.0,1.333,312335
NAD,Nuveen Quality Municipal Income,Financial Services,Asset Management,12.08,2.819528192,33,8,5,12,0,4,4,-0.016,0.508,1.0,0.85885,43.142857,,12.292635,0.98733145,,0.02232,71.11,0.00057,0.21914,0.0038,,,,0.657,766836
NEA,Nuveen AMT-Free Quality Municip,Financial Services,Asset Management,11.65,3.483261184,33,8,5,14,0,2,4,-0.014,0.609,1.0,0.82093,41.60714,,12.905477,0.9872045,,0.0227,68.552,0.00082,0.19297001,0.0045,,,,0.73,966210
OSCR,"Oscar Health, Inc.",Healthcare,Healthcare Plans,14.93,4.299201024,33,6,8,2,4,4,9,0.232,,0.16163,-0.04329,,4182.0728,0.38084352,3.8067315,,-0.22237,72.255,0.03927,0.67491996,0.1103,15.77778,3.4,9.0,1.899,11378906
PUMP,ProPetro Holding Corp.,Energy,Oil & Gas Equipment & Services,11.44,1.394415616,33,0,12,5,0,7,9,-0.186,,0.2331,-0.037839998,,-48.832542,1.0725969,1.439718,,-0.020469999,24.449,0.20382999,0.72852,0.2065,13.625,2.375,8.0,0.759,2707375
SCVL,"Shoe Carnival, Inc.",Consumer Cyclical,Apparel Retail,18.43,0.504520672,33,0,10,8,6,5,4,-0.032,-0.243,0.36540002,0.06267,8.776191,11.788938,0.44093865,0.73849976,,0.08777001,53.104,0.35578,0.75628996,0.2362,19.0,,1.0,1.306,594650
TERN,"Terns Pharmaceuticals, Inc.",Healthcare,Biotechnology,34.2,3.719841024,33,0,5,5,6,2,15,,,0.0,0.0,,-28.238558,,10.536044,,-0.29123,0.362,0.00597,0.84015,0.1486,58.125,1.2,8.0,-0.281,4152423
TRVI,"Trevi Therapeutics, Inc.",Healthcare,Biotechnology,10.69,1.37078016,33,0,5,5,6,2,15,,,0.0,0.0,,-22.74468,,7.2229724,,-0.3687,0.434,0.00684,1.03719,0.13949999,21.3,,10.0,0.916,1848363
TWO,Two Harbors Investment Corp,Real Estate,REIT - Mortgage,13.29,1.384312832,33,0,10,10,4,5,4,,,0.97384,0.26029,,9.466217,2.601075,1.1828053,,-0.09606,476.285,0.01318,0.67990994,0.0939,12.2,2.77778,5.0,1.222,2824016
UTF,Cohen & Steers Infrastructure F,Financial Services,Asset Management,25.96,2.540893696,33,0,5,16,4,4,4,,,1.0,0.79352,5.558886,,18.327717,1.0179594,,0.12164,42.55,0.0,0.21583,0.0007,,,,0.846,408410
ALHC,"Alignment Healthcare, Inc.",Healthcare,Healthcare Plans,22.5,4.502064128,32,9,5,1,6,2,9,0.435,,0.12416001,0.00828,,54.878048,1.2377979,27.812113,,-0.15161,203.655,0.03975,0.96199,0.13239999,24.16667,1.41667,12.0,1.162,2821111
BGY,Blackrock Enhanced Internationa,Financial Services,Asset Management,6.02,0.559486208,32,8,5,10,0,5,4,-0.121,1.326,1.0,0.65879,46.307693,,37.571434,0.9593625,,0.07048,,0.0,0.41978002,0.0044,,,,0.746,293590
BLMN,"Bloomin' Brands, Inc.",Consumer Cyclical,Restaurants,6.16,0.524937248,32,8,12,2,4,2,4,0.021,,0.13581,-0.00427,16.648647,7.108485,0.1328016,1.5247525,,0.12433,634.892,0.0229,1.0338401,0.1292,7.59615,2.78571,13.0,1.121,2199360
CCRN,"Cross Country Healthcare, Inc.",Healthcare,Medical Care Facilities,9.17,0.300408768,32,0,10,6,0,4,12,-0.206,,0.20185,0.00322,,95.81026,0.26644453,0.73073554,,-0.03765,0.54,0.05352,0.98955,0.038900003,9.6625,,4.0,0.446,887748
CGEM,"Cullinan Therapeutics, Inc.",Healthcare,Biotechnology,11.92,0.704188992,32,0,10,5,0,2,15,,,0.0,0.0,,-3.5925148,,1.5602095,,-0.40179002,0.263,0.00635,1.09953,0.1649,29.43333,,9.0,-0.089,1045703
DSU,"Blackrock Debt Strategies Fund,",Financial Services,Asset Management,10.18,0.630948288,32,0,5,15,4,4,4,-0.122,-0.303,1.0,0.91853,12.886076,,11.810457,0.9832899,,0.074489996,20.809,2.0000001e-05,0.25481,0.008,,,,0.493,266833
ERAS,"Erasca, Inc.",Healthcare,Biotechnology,10.31,3.191840256,32,0,0,5,6,6,15,,,0.0,0.0,,-22.268782,,8.409462,,-0.32004002,13.882,0.10815,0.75598,0.1066,10.22222,1.7,9.0,1.151,4615536
EVV,316100,Financial Services,Asset Management,9.925,1.153319296,32,0,7,14,4,3,4,-0.029,-0.057,1.0,0.87647,14.595589,,8.332856,0.94004554,,0.053850003,39.715,5e-05,0.33687,,,,,0.687,312320
EYE,"National Vision Holdings, Inc.",Consumer Cyclical,Specialty Retail,26.54,2.104875776,32,3,10,7,6,2,4,0.079,,0.58687,0.02526,,28.638948,1.0955163,2.4494693,,-0.0037099998,80.764,0.021240002,1.16784,0.17729999,33.18182,1.58333,11.0,1.383,1470603
FTF,52385,Financial Services,Asset Management,6.18,0.249705216,32,0,7,14,4,3,4,-0.132,-0.034,1.0,0.85940003,12.875,,7.232573,0.90682316,,0.070149995,37.731,0.0,0.33641,,,,,0.449,213011
FTRE,Fortrea Holdings Inc.,Healthcare,Biotechnology,17.05,1.575419904,32,3,8,0,4,2,15,0.039,,0.18608999,-0.00528,,21.805578,0.57082504,2.7067788,,-0.98133004,204.649,0.0055,1.04592,0.1439,16.43636,2.5,11.0,1.567,1363145
GEL,"Genesis Energy, L.P.",Energy,Oil & Gas Midstream,17.31,2.11985728,32,3,5,4,4,7,9,0.042,,0.23375,0.18983,,23.08,0.73251116,-7.0855503,,-0.03439,437.298,0.13092,0.77147,0.07,19.33333,1.33333,3.0,0.828,306540
GEOS,Geospace Technologies Corporati,Energy,Oil & Gas Equipment & Services,16.62,0.214185248,32,0,10,5,4,4,9,-0.133,,0.2969,-0.29977,,41.550003,1.9330275,1.6976508,,-0.07476,0.776,0.03061,0.54618,0.0674,,,,0.476,235916
GRPN,"Groupon, Inc.",Communication Services,Internet Content & Information,14.76,0.601540928,32,3,10,6,0,4,9,0.073,,0.90859,0.017339999,,7.8930483,1.2125568,-10.10267,,,,0.13508001,0.9756,0.4041,35.33333,,3.0,0.011,1151030
LIND,Lindblad Expeditions Holdings I,Consumer Cyclical,Travel Services,16.82,0.931840512,32,6,5,6,4,7,4,0.166,,0.49067003,0.15324001,,59.71315,1.2653192,-3.625,,,,0.31195,0.72736,0.156,17.5,1.5,4.0,2.286,490675
MQY,Blackrock MuniYield Quality Fun,Financial Services,Asset Management,11.63,0.83542496,32,3,5,14,2,4,4,0.03,,1.0,0.8323,,,12.39422,0.98928213,,-0.06019,69.355,0.0,0.25731,0.0023,,,,0.696,281463
MYI,Blackrock MuniYield Quality Fun,Financial Services,Asset Management,11.14,0.740445184,32,3,5,14,2,4,4,0.03,,1.0,0.87984,,,12.384254,0.9898703,,-0.05039,69.845,0.00307,0.26863,0.00059999997,,,,0.623,213146
NVTS,Navitas Semiconductor Corporati,Technology,Semiconductors,9.46,2.180493824,32,0,1,5,4,7,15,-0.534,,0.24184999,-1.67267,,-46.875774,38.525986,5.4808807,,-0.33251998,1.87,0.10267,0.40041,0.21120001,8.275,2.875,8.0,3.152,22896761
ORKA,"Oruka Therapeutics, Inc.",Healthcare,Biotechnology,35.26,1.70690944,32,0,8,5,2,2,15,,,0.0,0.0,,-14.751657,,3.5259998,,,0.393,0.03573,0.97235,0.1527,55.66667,1.15385,12.0,,554591
PACK,Ranpak Holdings Corp,Consumer Cyclical,Packaging & Containers,5.21,0.439598304,32,3,14,2,4,5,4,0.08,,0.34939,-0.04618,,-43.416668,1.1326934,0.8172549,,-0.07186,80.346,0.08927,0.87508005,0.087,7.75,,3.0,2.764,380606
PBF,PBF Energy Inc.,Energy,Oil & Gas Refining & Marketing,33.26,3.853087232,32,0,10,4,2,7,9,-0.087,,-0.00033,-0.00306,,17.271282,0.13041817,0.7362316,,-0.0935,59.153,0.2814,0.79082,0.2928,31.92308,3.42857,13.0,0.453,3044521
PDM,"Piedmont Realty Trust, Inc.",Real Estate,REIT - Office,8.35,1.039736064,32,0,12,6,6,4,4,-0.001,,0.59669,0.13187,,-83.5,1.8390299,0.67704535,,-0.04442,142.709,0.01281,0.92761004,0.0458,10.0,2.33333,3.0,1.248,708833
PKST,Peakstone Realty Trust,Real Estate,REIT - Office,15.04,0.553334656,32,0,10,6,6,6,4,-0.035,,0.83874,0.044650003,,-39.57895,2.49817,0.74662435,,-0.00387,134.447,0.01775,0.54417,0.052699998,17.0,2.0,3.0,1.736,211616
RARE,Ultragenyx Pharmaceutical Inc.,Healthcare,Biotechnology,24.27,2.341510656,32,3,9,0,4,1,15,0.147,,-0.25978002,-1.0685099,,-5.68263,3.7131588,255.4737,,-3.13433,5341.376,0.03119,1.04518,0.0951,64.0,1.33333,20.0,0.154,2408901
RGTI,"Rigetti Computing, Inc.",Technology,Computer Hardware,19.85,6.551017984,32,0,5,5,8,5,9,-0.181,,0.32226002,-10.55419,,-132.33333,874.1684,17.36658,,-1.4189999,2.043,0.01606,0.50958,0.13159999,38.85091,1.58333,11.0,1.713,39080195
SLDB,Solid Biosciences Inc.,Healthcare,Biotechnology,6.6,0.514207584,32,0,8,5,2,2,15,,,0.0,0.0,,-3.2774835,,2.3588276,,-0.8683,10.065,0.00555,1.05452,0.1312,15.75,1.30769,12.0,2.69,1092381
SMMT,Summit Therapeutics Inc.,Healthcare,Biotechnology,15.4,11.464415232,32,0,5,5,2,5,15,,,0.0,0.0,,-14.983683,,59.689922,,-2.92492,2.823,0.86053,0.14285,0.3141,33.322433,1.625,13.0,-1.512,2622375
ST,Sensata Technologies Holding pl,Technology,Scientific & Technical Instruments,34.92,5.08710144,32,0,10,2,4,4,12,-0.052,,0.28708,0.109689996,,9.564713,1.377011,1.8712823,,-0.00921,117.829,0.01149,1.09844,0.0465,39.8,2.1875,15.0,1.144,1329588
STEL,"Stellar Bancorp, Inc.",Financial Services,Banks - Regional,36.88,1.887794944,32,5,9,5,0,9,4,-0.031,0.086,0.0,0.3637,18.532663,17.153488,4.5320964,1.1428572,,0.06217,,0.098929994,0.62595004,0.021300001,32.4,2.8,5.0,0.778,280745
TE,T1 Energy Inc.,Industrials,Electrical Equipment & Parts,8.88,1.885808384,32,0,6,0,6,8,12,,,0.18244,-0.1972,,-71.04,4.7182603,15.443479,,-0.55415,450.883,0.27801,0.32854,0.147,10.5,1.2,5.0,1.565,19144031
VGM,Invesco Trust for Investment Gr,Financial Services,Asset Management,10.26,0.556420032,32,3,5,14,2,4,4,0.008,,1.0,0.88214,,,13.098388,1.026,,-0.05375,65.686,2.0000001e-05,0.26516,0.0056,,,,0.699,201081
VSTS,Vestis Corporation,Industrials,Rental & Leasing Services,6.56,0.865585024,32,3,10,1,4,5,9,0.041,,0.26501,0.0336,,14.079368,0.3165031,0.9992384,,-0.045479998,163.886,0.16261,1.04317,0.1707,6.13333,,6.0,0.955,2543745
WULF,TeraWulf Inc.,Financial Services,Capital Markets,14.54,6.087634432,32,12,5,4,2,5,4,0.869,,0.50245,-0.12037,,-27.177568,36.321533,25.33101,,-1.81955,438.773,0.27041999,0.80700994,0.2872,22.10417,1.18182,12.0,4.338,32919043
BBAI,"BigBear.ai, Inc.",Technology,Information Technology Services,5.52,2.527568896,31,0,5,5,4,5,12,-0.201,,0.27278,-0.53348,,-27.6,17.528337,3.9428573,,-1.20338,18.506,0.00625,0.36328998,0.22469999,6.66667,,3.0,3.214,92312911
BHK,Blackrock Core Bond Trust Black,Financial Services,Asset Management,9.54,0.689019072,31,3,5,14,0,5,4,0.014,,1.0,0.90097,16.448277,,13.11118,0.9484987,,0.06028,32.075,0.0,0.38542998,0.0005,,,,0.709,323668
BIOA,"BioAge Labs, Inc.",Healthcare,Drug Manufacturers - Specialty & Generic,19.1,0.797472256,31,5,3,5,2,7,9,,,-0.63174,-11.2658205,1.4033799,-6.786599,134.77644,2.4677005,,-0.25639,2.571,0.02562,0.59808,0.0356,12.0,2.4,3.0,,591405
BTSG,"BrightSpring Health Services, I",Healthcare,Health Information Services,39.83,7.183432704,31,11,6,1,2,2,9,0.282,,0.13276,0.026349999,73.75926,29.840794,0.54006076,4.5307703,,0.062750004,148.231,0.03155,1.08425,0.13319999,44.13333,1.125,15.0,,1951398
CNNE,"Cannae Holdings, Inc.",Consumer Cyclical,Restaurants,14.54,0.7615872,31,0,14,5,6,2,4,-0.061,,-0.029059999,-0.12347999,,-7.838275,1.7703096,0.6198312,,-0.2617,17.764,0.13767,0.94966006,0.107200004,20.5,1.5,2.0,1.117,649790
CRF,33138,Financial Services,Asset Management,7.9,1.216002816,31,0,5,12,8,2,4,-0.344,-0.594,1.0,0.37783,9.08046,,158.29921,1.2073972,,0.13174,,0.0,0.25751,0.1266,,,,1.222,1372698
CZR,"Caesars Entertainment, Inc.",Consumer Cyclical,Resorts & Casinos,21.28,4.426059776,31,0,15,8,4,0,4,-0.002,,0.50251,0.17881,,63.52239,0.3893095,1.1534501,,-0.04259,647.396,0.021559998,1.0661,0.1988,32.10526,1.84211,19.0,2.034,6865896
DFTX,"Definium Therapeutics, Inc.",Healthcare,Biotechnology,17.24,1.67605888,31,0,5,4,2,5,15,,,0.0,0.0,,-9.723632,,10.135215,,-0.85592,31.383,0.0059399996,0.41979,0.1719,30.0,1.23077,12.0,2.621,2060046
FFIC,Flushing Financial Corporation,Financial Services,Banks - Regional,15.76,0.532348224,31,5,10,4,4,4,4,,,0.0,0.16223,29.185184,9.270588,2.3540232,0.7519084,,0.02636,,0.03891,0.73239,0.0121,17.15,3.0,2.0,0.821,384795
FHB,"First Hawaiian, Inc.",Financial Services,Banks - Regional,27.57,3.435981312,31,11,9,5,0,2,4,0.095,0.229,0.0,0.44814998,13.448781,12.230775,4.168292,1.2476243,,0.09618,,0.00602,1.05989,0.1074,27.61111,3.6,9.0,0.718,1375285
FLO,"Flowers Foods, Inc.",Consumer Defensive,Packaged Foods,11.07,2.337742848,31,5,12,8,0,2,4,,,0.48944,0.07275,12.164834,11.348375,0.45527932,1.6448736,,0.13726,87.609,0.07786,0.8351,0.13260001,13.16667,2.83333,6.0,0.311,4206908
FOXF,Fox Factory Holding Corp.,Consumer Cyclical,Auto Parts,18.49,0.772907072,31,3,12,3,6,3,4,0.048,,0.30392,0.040120002,,12.096272,0.52972007,0.8084827,,-0.23956,84.355,0.00563,1.05388,0.0736,22.57143,,7.0,1.466,910028
GME,GameStop Corporation,Consumer Cyclical,Specialty Retail,22.81,10.219096064,31,8,10,4,0,5,4,-0.046,2.268,0.30794,0.06334,25.920454,28.160494,2.6834452,1.9265202,,0.083459996,82.812,0.08884,0.39609,0.1607,,,,-1.207,6772898
GPGI,"GPGI, Inc.",Industrials,Metal Fabrication,24.27,7.02411264,31,0,0,6,6,10,9,,,0.50586,0.05633,,21.718122,43.714096,19.893442,,,,0.20753,0.40999,0.0306,26.2,1.2,5.0,1.008,1479653
HZO,"MarineMax, Inc.  (FL)",Consumer Cyclical,Specialty Retail,24.65,0.539083584,31,0,12,1,10,4,4,-0.019,,0.32487,0.020599999,,14.022413,0.23344147,0.57519543,,-0.0318,131.327,0.11613,0.97550005,0.2245,31.33333,1.44444,6.0,1.65,312585
IMMX,"Immix Biopharma, Inc.",Healthcare,Biotechnology,5.95,0.315083008,31,0,5,5,2,4,15,,,0.0,0.0,,-12.6595745,,23.8,,-1.82547,13.386,0.22368,0.05366,0.0545,9.6,,2.0,0.311,1049783
KSS,Kohl's Corporation,Consumer Cyclical,Department Stores,16.9,1.895997312,31,0,14,3,8,2,4,-0.036,-0.647,0.40467,0.021540001,9.768785,12.45688,0.12037314,0.4816324,,0.050430004,173.079,0.03013,0.99255997,0.3614,22.0,3.14286,12.0,1.45,4767913
LBRT,Liberty Energy Inc.,Energy,Oil & Gas Equipment & Services,25.34,4.104242432,31,5,10,4,0,3,9,-0.168,-0.409,0.21113001,-0.0038299998,22.42478,-542.4963,1.0494226,1.983096,,0.09215,30.246,0.03744,1.01307,0.0857,21.23077,2.23077,13.0,0.46,3558095
LEO,"Dreyfus Strategic Municipals, I",Financial Services,Asset Management,6.5,0.414908768,31,3,5,14,0,5,4,0.035,-0.674,1.0,0.87825996,,,13.843487,0.95630425,,-0.02994,32.842,0.0,0.50286996,0.0008,,,,0.665,244366
LUMN,"Lumen Technologies, Inc.",Communication Services,Telecom Services,8.93,9.163439104,31,0,5,2,8,7,9,-0.042,,0.47069,-0.05248,,-19.282259,0.72209924,-7.805944,,,,0.08036,0.69356,0.0867,7.783,2.90909,10.0,1.473,14929906
MAN,ManpowerGroup,Industrials,Staffing & Employment Services,33.29,1.541233152,31,3,12,3,2,2,9,0.023,-0.191,0.16924,0.01899,,6.315582,0.08735317,0.7664856,,-0.0100300005,81.391,0.017029999,1.1056501,0.1531,38.66667,2.75,9.0,0.861,981925
MCHB,Mechanics Bancorp,Financial Services,Banks - Regional,15.17,3.355811072,31,11,9,4,0,3,4,-0.157,0.339,0.0,0.21404,17.43678,12.2338705,5.921284,1.2096324,,,,0.78346,0.10258,,15.5,,1.0,0.169,656091
MDU,"MDU Resources Group, Inc.",Utilities,Utilities - Regulated Gas,20.53,4.22724352,31,8,10,4,2,3,4,0.087,-0.717,0.31851998,0.12757,22.811113,20.237768,2.252616,1.5404818,,0.064169995,86.416,0.00942,0.85091,0.0829,21.33333,1.85714,6.0,0.429,2373675
MTW,"Manitowoc Company, Inc. (The)",Industrials,Farm & Heavy Construction Machinery,12.93,0.458639328,31,3,10,3,2,4,9,0.055,,0.17899999,0.03253,8.08125,16.325758,0.21235268,0.67179304,,0.088199995,83.697,0.04927,0.76456,0.0234,10.0,4.5,2.0,1.881,242030
MUC,Blackrock MuniHoldings Californ,Financial Services,Asset Management,10.99,1.03508128,31,3,5,14,0,5,4,0.053,,1.0,0.8255,,,12.517109,0.9836212,,-0.06632,69.815,0.0,0.30131,0.0019,,,,0.655,325041
NMZ,Nuveen Municipal High Income Op,Financial Services,Asset Management,10.37,1.218476032,31,0,5,14,6,2,4,,,1.0,0.88259006,49.380955,,10.959911,0.97710353,,0.02102,36.48,6.0000002e-05,0.15090999,0.0049,,,,0.812,468445
NN,NextNav Inc.,Technology,Software - Infrastructure,14.63,1.972549632,31,0,4,0,6,6,15,-0.448,,-0.64578,-19.915451,,-25.893806,356.12018,-89.20731,,-7.06791,,0.2825,0.54887,0.171,20.0,,1.0,0.987,1268526
NNE,Nano Nuclear Energy Inc.,Industrials,Specialty Industrial Machinery,32.11,1.624823552,31,0,5,5,4,8,9,,,0.0,0.0,,-21.335548,,6.022131,,-0.31527,1.256,0.19285999,0.37859002,0.31870002,46.66667,,3.0,,2044743
NOV,NOV Inc.,Energy,Oil & Gas Equipment & Services,18.6,6.90738432,31,5,10,5,2,0,9,-0.007,-0.667,0.21744,0.04917,18.78788,15.928477,0.7871663,1.0560982,,0.06033,36.164,0.00835,1.09179,0.1397,17.65,2.47619,20.0,0.951,4128680
OMER,Omeros Corporation,Healthcare,Biotechnology,11.95,0.847260416,31,0,5,0,8,3,15,,,0.0,0.0,,24.554626,,-3.7984743,,,,0.02787,0.46449003,0.24049999,38.0,2.0,2.0,2.383,2630170
PRKS,United Parks & Resorts Inc.,Consumer Cyclical,Leisure,38.27,2.105791872,31,5,7,7,6,2,4,-0.062,-0.226,0.4793,0.29729,11.5619335,9.947132,1.2583942,-6.8144584,,,,0.02014,1.32135,0.24110001,44.90909,2.45455,11.0,1.283,1185355
PRMB,Primo Brands Corporation,Consumer Defensive,Beverages - Non-Alcoholic,18.96,7.020618752,31,9,10,2,4,2,4,0.353,-0.812,0.31924,0.12717,,14.387614,1.0789167,2.2237859,,-0.03303,180.38,0.0109,1.07304,0.2473,23.70833,1.84615,12.0,0.607,8345123
PTLO,Portillo's Inc.,Consumer Cyclical,Restaurants,5.69,0.409294848,31,3,14,2,4,4,4,0.018,-0.847,0.22308001,0.058390003,15.805555,29.72366,0.5599645,0.89073265,,0.05641,134.175,0.06953,0.79968,0.2041,7.8,2.36364,10.0,1.746,2631938
TPH,"Tri Pointe Homes, Inc.",Consumer Cyclical,Residential Construction,33.73,2.951594496,31,0,10,6,8,3,4,-0.253,-0.458,0.22955999,0.09151,9.949852,14.7722845,0.78668463,0.8784083,,0.094639994,38.336,0.026970001,1.04709,0.0857,38.2,,5.0,1.358,853008
TYRA,"Tyra Biosciences, Inc.",Healthcare,Biotechnology,32.34,1.726053632,31,0,3,5,6,2,15,,,0.0,0.0,,-14.603286,,6.14712,,-0.34749,2.11,0.03164,1.04204,0.1392,37.875,1.22222,8.0,1.072,551195
VERX,"Vertex, Inc.",Technology,Software - Application,18.7,2.98317312,31,3,8,5,0,3,12,0.127,-0.44,0.6455,0.0224,,25.053255,4.0743213,11.278649,,-0.20472,132.859,0.07463,1.1034501,0.095699996,27.35714,2.0625,14.0,0.594,1494425
VSTM,"Verastem, Inc.",Healthcare,Biotechnology,6.41,0.482799904,31,0,5,5,4,2,15,,,0.85141,-3.62169,,-3.8459923,36.086395,-27.510729,,-28.88708,,0.0087,0.87669,0.22799999,16.125,,8.0,0.436,2181718
ZURA,Zura Bio Limited,Healthcare,Biotechnology,6.03,0.39209056,31,0,8,0,0,8,15,,,0.0,0.0,,-8.148649,,3.6216218,,-0.45009997,,0.24486999,0.6786,0.0511,15.6,,5.0,0.203,636660
ACDC,ProFrac Holding Corp.,Energy,Oil & Gas Equipment & Services,5.01,0.906164672,30,0,10,0,6,5,9,-0.299,,0.25724,-0.16894,,-3.8538465,0.4623289,1.050755,,-0.28141,118.232,0.84189004,0.14840001,0.1568,4.0,3.6,5.0,1.693,1287281
ANDG,Andersen Group Inc.,Consumer Cyclical,Personal Services,21.4,2.37438336,30,3,9,9,0,5,4,0.148,,0.27829,0.41272998,,14.195028,2.9286041,,,,41.668,0.0,0.35636002,0.1008,29.5,,6.0,,637714
APLE,"Apple Hospitality REIT, Inc.",Real Estate,REIT - Hotel & Motel,11.7,2.772781056,30,0,10,10,4,2,4,-0.013,-0.083,0.43014,0.1975,15.81081,15.81081,1.954058,0.86866134,,0.054130003,50.873,0.07097,0.84911,0.103,13.14286,2.44444,7.0,0.849,2617418
ASG,"Liberty All-Star Growth Fund, I",Financial Services,Asset Management,5.28,0.32714192,30,0,5,10,6,5,4,-0.132,-0.806,1.0,-1.2562001,9.428572,,166.86598,0.89023775,,0.09734,0.465,0.0034999999,0.34680998,0.0013,,,,1.174,260378
AWF,Alliancebernstein Global High I,Financial Services,Asset Management,10.66,0.919208384,30,0,5,15,4,2,4,-0.011,0.068,1.0,0.86673,12.541176,,12.458385,0.92558825,,0.07362,0.474,0.0,0.26084,,,,,0.71,289083
CVGW,"Calavo Growers, Inc.",Consumer Defensive,Food Distribution,25.04,0.447566976,30,5,8,5,4,4,4,-0.266,,0.098179996,-0.013830001,22.55856,15.650001,0.6902275,2.1604831,,0.09734,11.252,0.06717,0.74023,0.048299998,27.0,3.0,1.0,0.37,431780
DC,Dakota Gold Corp.,Basic Materials,Gold,6.66,0.754325568,30,0,6,5,6,9,4,,,0.0,0.0,,-38.057144,,6.4849076,,-0.25563,0.204,0.12357,0.49321997,0.038900003,10.5375,1.0,4.0,1.082,1239636
DNP,"DNP Select Income Fund, Inc.",Financial Services,Asset Management,10.23,3.854880768,30,3,5,16,0,2,4,0.089,-0.734,1.0,0.80806,8.818965,,23.841034,1.0991726,,0.12668,31.582,0.00049,0.10423,0.0014,,,,0.332,593675
EXPI,"eXp World Holdings, Inc.",Real Estate,Real Estate Services,9.03,1.434295552,30,3,10,1,6,6,4,0.069,,0.07136,0.0030500002,,36.12,0.30656165,6.097232,,-0.08093,,0.4239,0.41015998,0.18049999,13.0,,1.0,1.968,1320475
GDOT,Green Dot Corporation,Financial Services,Credit Services,12.42,0.689913792,30,6,12,0,6,2,4,0.209,,0.0,-0.023239998,,8.33557,0.34373182,0.7536865,,-0.050869998,,0.03767,0.90066004,0.020299999,16.125,,2.0,0.827,875363
HR,Healthcare Realty Trust Incorpo,Real Estate,REIT - Healthcare Facilities,16.71,5.945255424,30,0,9,8,6,3,4,-0.056,,0.62141997,0.0834,,-185.66666,4.935133,1.2545986,,-0.07198,99.748,0.0096700005,1.1087899,0.09729999,19.1,2.54545,10.0,0.807,3100618
IGD,Voya Global Equity Dividend and,Financial Services,Asset Management,5.79,0.456648672,30,3,5,12,2,4,4,0.046,-0.293,1.0,0.73399,8.271429,,30.40751,0.9308682,,0.113170005,,0.0,0.29996002,0.0047999998,,,,0.495,257955
IMNM,"Immunome, Inc.",Healthcare,Biotechnology,25.07,2.766105344,30,0,4,5,4,2,15,,,0.0,-21.37101,,-10.19798,285.7842,8.71091,,-0.93037003,1.521,0.078449994,0.8325,0.1436,34.5,1.15385,12.0,2.227,2177586
LEG,"Leggett & Platt, Incorporated",Consumer Cyclical,"Furnishings, Fixtures & Appliances",11.77,1.59408512,30,8,10,7,0,1,4,-0.059,1.785,0.17965999,0.06802,7.3105593,10.822989,0.38200894,1.6404182,,0.26193002,171.072,0.01908,0.85337996,0.0542,12.5,3.0,2.0,0.748,1828053
NEOG,Neogen Corporation,Healthcare,Diagnostics & Research,10.21,2.220940288,30,0,10,6,2,3,9,-0.028,,0.4598,-0.023929998,,31.577646,2.5228813,1.0552971,,-0.25253,37.78,0.00915,1.12474,0.0867,11.66667,,3.0,1.954,3926503
NVG,Nuveen AMT-Free Municipal Credi,Financial Services,Asset Management,12.78,2.728815872,30,3,5,14,2,2,4,-0.02,0.102,1.0,0.81609,47.333332,,12.127183,0.98763525,,0.02011,69.923,0.0,0.15890999,0.0023,,,,0.834,662643
PCQ,PIMCO California Municipal Inco,Financial Services,Asset Management,8.95,0.169879952,30,3,5,12,4,2,4,0.007,,1.0,0.83992994,,,11.599068,0.9504088,,-0.062140003,76.29,0.0,0.29931,,,,,0.392,209223
PTEN,"Patterson-UTI Energy, Inc.",Energy,Oil & Gas Drilling,7.54,2.904162816,30,0,10,4,4,3,9,-0.134,,0.24673,-0.02378,,-18.754353,0.6002884,0.88012135,,-0.039619997,39.579,0.02762,1.10545,0.0934,7.26786,2.33333,14.0,0.719,9146891
PZZA,"Papa John's International, Inc.",Consumer Cyclical,Restaurants,35.88,1.176484224,30,8,9,1,6,2,4,0.003,-0.898,0.20493999,0.03681,31.473686,19.438412,0.56388265,-2.6778119,,,,0.012250001,1.12499,0.1385,46.72727,2.46667,11.0,1.147,1352178
SVRA,"Savara, Inc.",Healthcare,Biotechnology,5.58,1.135350528,30,0,5,4,4,2,15,,,0.0,0.0,,-13.95,,12.455357,,-0.78740996,31.604,0.022669999,0.8358,0.1278,10.8125,1.25,8.0,0.276,2531845
VMO,Invesco Municipal Opportunity T,Financial Services,Asset Management,9.69,0.653500224,30,3,5,12,2,4,4,0.017,,1.0,0.88521004,,,12.186105,1.0038329,,-0.05659,71.185,0.0,0.27502,0.0015,,,,0.712,271678
WW,"WW International, Inc.",Consumer Cyclical,Personal Services,21.03,0.21002512,30,0,15,6,0,5,4,-0.108,,0.70841,0.047399998,1.5520295,6.2218933,0.28682593,0.65025824,,,145.189,0.00451,0.60796,0.1001,46.16667,,3.0,,326480
XWIN,"XMAX, Inc.",Consumer Cyclical,"Furnishings, Fixtures & Appliances",5.78,0.242090848,30,12,0,5,4,5,4,2.732,,0.25539,-0.0502,192.66667,,14.274836,14.559194,,-0.44524,10.393,0.17727,0.01217,0.038900003,,,,1.253,748656
ZTR,Virtus Global Dividend & Income,Unknown,Unknown,6.5,0.307088608,30,3,5,14,4,0,4,0.011,,1.0,0.75588,11.524822,,11.279241,1.1389523,,,43.0,0.00035,0.08608,,,,,1.021,285940
AEHR,Aehr Test Systems,Technology,Semiconductor Equipment & Materials,26.88,0.823262912,29,0,1,5,4,4,15,-0.265,,0.33276,-0.4918,,358.39996,15.460627,6.2950816,,-0.06974,7.771,0.05407,0.67375,0.1617,24.33333,,3.0,2.343,902240
CIFR,Cipher Mining Inc.,Financial Services,Capital Markets,17.7,6.993129984,29,12,5,0,6,2,4,1.975,,0.33979,-0.37928,,36.122448,33.87258,8.894473,,-0.09693,133.297,0.03497,0.80415,0.17889999,27.32143,1.30769,14.0,2.953,37676696
CLMT,"Calumet, Inc",Basic Materials,Specialty Chemicals,22.39,1.942429184,29,0,5,5,6,9,4,-0.02,,0.09649,0.30408,,746.3333,0.4798491,-2.7935119,,,,0.22044,0.52724,0.0947,21.65,2.0,5.0,1.233,877791
CLPT,ClearPoint Neuro Inc.,Healthcare,Medical Devices,13.42,0.399222304,29,3,5,4,2,3,12,0.091,,0.61313,-0.59542,,-16.670807,11.628285,24.050179,,-1.03131,225.18,0.0785,0.40038,0.1106,29.0,,2.0,0.921,802581
DBRG,"DigitalBridge Group, Inc.",Financial Services,Asset Management,15.41,3.006718976,29,5,3,10,4,3,4,-0.95,,1.0,-3.60005,128.41667,38.524998,29.963516,2.2378738,,-0.0182,14.374,0.037809998,0.93934,0.0813,16.0,2.875,6.0,1.695,7090363
DIN,"Dine Brands Global, Inc. Common",Consumer Cyclical,Restaurants,34.3,0.527510752,29,8,5,4,4,4,4,0.108,-0.613,0.4122,0.14548,15.3125,7.0964394,0.60878336,-2.131494,,,,0.03787,0.78973997,0.1784,34.25,2.71429,4.0,0.937,486903
EQPT,EquipmentShare.com Inc,Industrials,Rental & Leasing Services,30.355,7.627692032,29,6,5,2,4,3,9,0.216,,0.33118,0.06865,,,1.74927,54.302322,,,572.225,0.17773001,0.0,,,,,,6606950
EWTX,"Edgewise Therapeutics, Inc.",Healthcare,Biotechnology,28.78,3.046893568,29,0,5,5,2,2,15,,,0.0,0.0,,-14.539392,,5.4486938,,-0.30021,0.748,0.00451,1.07579,0.1043,38.16667,1.58333,12.0,0.274,1504276
GLIBK,"GCI Liberty, Inc. - Series C GC",Communication Services,Telecom Services,37.16,1.478789632,29,0,10,6,0,4,9,-0.019,,0.37535998,0.14397,,,1.4124066,0.7772758,,-0.22024,80.072,0.0922,0.66602,,,,,,597595
GPK,Graphic Packaging Holding Compa,Consumer Cyclical,Packaging & Containers,14.55,4.310418944,29,5,12,6,0,2,4,-0.012,-0.127,0.2049,0.11689,8.6094675,8.210412,0.5006875,1.3071603,,0.16229999,181.223,0.00945,1.11447,0.1345,17.17,2.81818,10.0,0.642,5021223
IVZ,Invesco Ltd,Financial Services,Asset Management,27.72,12.337974272,29,3,10,5,4,3,4,0.062,,0.28573,-0.86176,,9.129593,1.9347312,1.0062801,,-0.01219,14.034,0.00654,0.95947,0.057800002,30.09091,2.33333,11.0,1.626,5152953
LINE,"Lineage, Inc.",Real Estate,REIT - Industrial,35.98,8.98770432,29,3,10,4,0,8,4,0.031,,0.32176,0.05011,,-50.211422,1.6774364,0.9798208,,-0.020399999,87.906,0.68284,0.32976002,0.0378,39.44444,2.78947,18.0,,1667616
MLYS,"Mineralys Therapeutics, Inc.",Healthcare,Biotechnology,32.09,2.539601152,29,0,6,0,6,2,15,,,0.0,0.0,,-13.91183,,4.396493,,-0.42137,,0.01496,1.10673,0.16280001,50.875,1.22222,8.0,0.495,1544073
PLAY,"Dave & Buster's Entertainment, ",Communication Services,Entertainment,18.83,0.653029376,29,0,10,2,6,2,9,-0.011,,0.40181,-0.033689998,,19.427391,0.30983034,4.9894013,,0.00168,2741.972,0.02096,1.2604799,0.6436,26.22222,2.27273,9.0,1.744,1370903
PRM,"Perimeter Solutions, SA",Basic Materials,Specialty Chemicals,25.98,3.84305792,29,8,7,6,2,2,4,0.094,,0.58247,-0.2769,48.111107,20.696577,6.039287,3.4580061,,0.07391,74.14,0.07626,0.89998,0.0315,33.0,2.5,2.0,1.968,964373
RWT,"Redwood Trust, Inc.",Real Estate,REIT - Mortgage,5.87,0.758541696,29,0,7,4,10,4,4,-0.22,,0.62034,-0.02485,,6.673867,6.2742805,0.79831356,,-0.086890005,2123.988,0.01375,0.81461996,0.0484,6.75,2.0,8.0,1.628,1419455
SOC,Sable Offshore Corp.,Energy,Oil & Gas Drilling,10.0,1.44961792,29,0,8,0,4,8,9,,,0.0,0.0,,-9.677451,,2.8587766,,-1.4125999,263.298,0.15180999,0.56652,0.314,24.4,1.0,5.0,0.401,9494296
TDAY,"USA TODAY Co., Inc.",Communication Services,Publishing,5.96,0.876768192,29,0,6,8,4,2,9,-0.084,,0.38244,0.020569999,8.895522,51.826088,0.3749268,4.392041,,0.44357,597.062,0.05105,0.88137,0.1306,6.32,2.4,5.0,1.519,1535576
TROX,Tronox Holdings plc,Basic Materials,Chemicals,6.65,1.054372928,29,0,10,0,8,7,4,-0.131,,0.12482,-0.02575,,-11.617547,0.3707359,0.67546976,,-0.18367,217.012,0.25754,0.76413,0.1699,6.10714,2.5,7.0,1.138,4244978
TXG,"10x Genomics, Inc.",Healthcare,Health Information Services,20.8,2.63230336,29,0,7,9,2,2,9,-0.017,,0.68944,-0.21169001,,-53.792637,4.1013494,3.3521352,,-0.10123,11.079,0.01824,1.08638,0.2052,18.07692,2.47059,13.0,2.181,2670860
UUUU,Energy Fuels Inc,Energy,Uranium,24.88,5.99178752,29,12,0,0,4,4,9,3.376,,0.061479997,-1.5057001,,138.22221,76.09392,8.379926,,-0.18105,,0.01637,0.69565004,0.1598,25.5625,1.42857,4.0,1.848,13787090
VSNT,"Versant Media Group, Inc.",Communication Services,Entertainment,32.85,4.7477376,29,5,7,6,0,2,9,-0.029,,0.57418,0.09802,5.6153846,4.604064,0.69809407,,,,,0.00564,0.00419,,39.66667,3.0,3.0,,5406620
WIW,Western Asset Inflation-Linked ,Financial Services,Asset Management,8.61,0.526795392,29,0,5,14,4,2,4,-0.103,-0.243,1.0,0.90244,17.22,,14.341484,0.889279,,0.05027,43.996,0.00024000001,0.67087,,,,,0.545,246896
WOLF,"Wolfspeed, Inc.",Technology,Semiconductors,17.33,0.448716096,29,3,7,0,4,0,15,0.011,,-0.10741,-0.66819,,-9.342318,0.59064907,-0.020963397,,,,0.059580002,2.67154,0.64669997,20.0,3.0,1.0,,1372275
WU,Western Union Company (The),Financial Services,Credit Services,9.37,3.026203648,29,0,8,11,4,2,4,-0.003,-0.449,0.37893,0.19553,4.073913,5.240199,0.73800844,3.2254734,,0.977,280.117,0.00448,1.0653,0.1849,9.69231,3.52941,13.0,0.535,7890990
ADX,Adams Diversified Equity Fund I,Financial Services,Asset Management,23.29,2.797714432,28,3,5,12,2,2,4,0.062,-0.484,1.0,0.61033,7.636066,,78.619286,0.99734503,,0.1216,,0.02831,0.19596,0.0064,,,,0.914,317151
ALEX,"Alexander & Baldwin, Inc.",Real Estate,REIT - Retail,20.74,1.510288256,28,0,7,11,2,4,4,-0.191,-0.247,0.47188,0.34923,20.534653,34.0,6.6808586,1.4917643,,0.073189996,48.635,0.01041,0.88304,0.034,20.95,3.0,3.0,0.966,926470
AXL,American Axle & Manufacturing H,Consumer Cyclical,Auto Parts,8.08,0.959067072,28,5,12,1,4,2,4,0.0,-0.125,0.123059995,0.045440003,23.764706,11.565658,0.16440398,1.3350958,,0.06279,381.236,0.0378,1.40832,0.32970002,9.775,2.55556,8.0,1.579,3094210
BHVN,Biohaven Ltd.,Healthcare,Biotechnology,12.1,1.605530752,28,0,5,0,2,6,15,,,0.0,0.0,,-4.2034035,,-74.69136,,-5.2208195,,0.0952,0.65479,0.1713,20.8,1.82353,15.0,3.539,4318450
BKSY,BlackSky Technology Inc.,Industrials,Specialty Business Services,24.72,0.88973696,28,0,2,4,6,7,9,-0.13,,0.68024004,-0.85767996,,-22.731035,8.745976,9.690317,,-0.88228,222.612,0.08795,0.62061,0.1998,26.375,,8.0,2.417,1636240
BLFY,Blue Foundry Bancorp,Financial Services,Banks - Regional,13.16,0.273217728,28,9,7,0,0,8,4,0.303,,0.0,-0.13555,,-87.73333,6.1080174,0.7887797,,-0.02816,,0.15048,0.60445,0.031600002,10.0,,1.0,0.551,321965
BNC,CEA Industries Inc.,Industrials,Farm & Heavy Construction Machinery,5.03,0.221636576,28,0,5,10,0,4,9,-0.039,,-0.32837,12.571639,,1.065678,59.555744,0.4701374,,,1.562,0.117639996,0.14614001,0.0368,,,,0.274,562255
BTU,Peabody Energy Corporation,Energy,Thermal Coal,36.13,4.393408,28,0,10,5,2,2,9,-0.07,,0.13851,-0.018380001,,10.2934475,1.1088024,1.2411542,,-0.00429,11.374,0.00722,1.07241,0.184,36.38333,1.33333,6.0,0.4,2912396
CHPT,"ChargePoint Holdings, Inc.",Consumer Cyclical,Specialty Retail,6.27,0.148304864,28,3,13,0,4,4,4,0.061,,0.29931,-0.41955003,,-1.8180289,0.36727944,3.8632162,,-2.13875,882.477,0.01757,0.23669,0.1711,10.1875,3.1,8.0,1.398,566301
COGT,"Cogent Biosciences, Inc.",Healthcare,Biotechnology,37.65,5.779484672,28,0,4,5,2,2,15,,,0.0,0.0,,-21.145033,,27.066858,,-0.95401,20.022,0.00281,0.91718,0.1201,50.75,1.46154,12.0,0.505,3352128
CPB,The Campbell's Company,Consumer Defensive,Packaged Foods,27.01,8.052605952,28,5,10,4,0,5,4,-0.034,-0.097,0.30271998,0.14232,13.92268,10.339151,0.79273534,2.0340388,,0.14815,184.567,0.33606997,0.66659,0.1943,31.57895,3.04762,19.0,-0.043,6724061
CTRI,"Centuri Holdings, Inc.",Utilities,Utilities - Regulated Gas,27.83,2.771294208,28,11,6,1,0,6,4,0.181,,0.08347999,0.045479998,695.75,36.081474,0.97537684,4.2160277,,0.00464,181.279,0.18235001,0.82442003,0.095,26.71429,2.25,7.0,,1787716
CWH,"Camping World Holdings, Inc.",Consumer Cyclical,Auto & Truck Dealerships,13.32,0.83675648,28,3,12,1,6,2,4,0.047,,0.29935,0.044499997,,15.973329,0.1307421,2.8250263,,-0.17097999,782.332,0.02388,1.025,0.1838,17.58333,1.5,12.0,2.033,2226293
DFH,"Dream Finders Homes, Inc.",Consumer Cyclical,Residential Construction,18.61,1.728528128,28,0,12,7,2,3,4,-0.036,-0.334,0.20284,0.06106,6.5528173,10.313792,0.36999077,1.256923,,0.20341998,113.744,0.17774001,0.89184,0.3326,22.0,3.0,1.0,1.859,396136
DJT,Trump Media & Technology Group ,Communication Services,Internet Content & Information,13.54,3.791168,28,0,5,8,0,6,9,-0.038,,0.59419996,-59.26447,,,1030.7969,1.6642085,,-0.0932,41.854,0.42716,0.24046,0.0655,,,,4.625,9341010
FWRD,Forward Air Corporation,Industrials,Integrated Freight & Logistics,27.61,0.862763776,28,0,8,1,8,2,9,-0.037,,0.19374001,0.03296,,-129.4239,0.34555694,6.1629467,,-0.52854,1101.027,0.01991,1.10293,0.19489999,35.66667,2.0,3.0,1.354,560981
HIW,"Highwoods Properties, Inc.",Real Estate,REIT - Office,25.89,2.90084608,28,0,9,9,4,2,4,-0.015,-0.135,0.67222,0.26464,22.513044,43.149998,3.5734696,1.204354,,0.05308,138.918,0.01862,1.0821099,0.123900004,29.5,2.63636,10.0,1.088,1263266
KALV,"KalVista Pharmaceuticals, Inc.",Healthcare,Biotechnology,15.65,0.791049472,28,0,5,0,6,2,15,,,0.0,-3.36328,,-7.7093596,554.73315,46.57738,,-1.90176,1662.327,0.01594,1.29988,0.4414,33.22222,1.22222,9.0,-0.147,1359836
KRG,Kite Realty Group Trust,Real Estate,REIT - Retail,23.27,5.228950016,28,0,7,11,4,2,4,-0.011,,0.74068,0.23061001,36.359375,62.89189,6.1029825,1.5894809,,0.04244,91.782,0.00694,1.05382,0.1003,26.0,,11.0,0.894,1861058
MSBI,"Midland States Bancorp, Inc.",Financial Services,Banks - Regional,22.8,0.491379232,28,3,10,5,0,6,4,0.117,,0.0,0.33766997,,8.296944,2.331928,1.0374483,,-0.21701999,,0.06229,0.6746,0.018,23.875,3.0,4.0,0.641,204833
MYE,"Myers Industries, Inc.",Consumer Cyclical,Packaging & Containers,20.53,0.76802176,28,8,8,2,4,2,4,0.002,,0.32900003,0.09994,27.743244,13.965986,0.9302093,2.678059,,0.09922,140.196,0.01905,0.91271,0.0227,21.0,,1.0,1.101,260265
NFJ,"AllianzGI NFJ Dividend, Interes",Financial Services,Asset Management,13.48,1.277925248,28,0,5,10,4,5,4,,,1.0,0.61103,19.536232,,39.68219,0.96908695,,0.09607001,,0.0,0.43188,0.0004,,,,1.087,218675
PCT,"PureCycle Technologies, Inc.",Industrials,Pollution & Treatment Controls,10.22,1.841627008,28,0,4,5,6,4,9,,,1.0,-16.02181,,-14.0,325.3758,26.9657,,-0.75034,124.727,0.02823,0.76582,0.4248,15.16667,,6.0,2.031,4310811
PENN,"PENN Entertainment, Inc.",Consumer Cyclical,Resorts & Casinos,13.15,1.919961984,28,3,14,3,4,0,4,0.048,,0.40004003,0.028770002,,18.013699,0.2813626,0.92710096,,-0.36129,572.143,0.01796,1.06484,0.1598,19.05556,2.28571,18.0,1.348,3839733
PK,Park Hotels & Resorts Inc.,Real Estate,REIT - Hotel & Motel,10.9,2.179057152,28,0,10,4,8,2,4,-0.073,,0.29634002,0.16229999,,14.064516,0.8575589,0.6442842,,0.0,143.686,0.07157,1.09039,0.2514,12.3,2.70588,15.0,1.433,3798248
REAL,"The RealReal, Inc.",Consumer Cyclical,Luxury Goods,15.44,1.801583104,28,6,7,5,2,4,4,0.175,,0.74486,-0.0435,,537.97906,2.718185,-4.6787877,,,,0.08149,0.88513,0.188,18.0,1.44444,8.0,2.613,3318855
SJT,San Juan Basin Royalty Trust,Energy,Oil & Gas E&P,6.02,0.28058496,28,0,0,10,4,5,9,-0.979,,1.0,-299.10132,,,11425.864,115.769226,,-0.1079,11.406,0.0,0.32731998,0.0209,,,,0.687,203010
SXC,"SunCoke Energy, Inc.",Basic Materials,Coking Coal,7.94,0.67224416,28,0,12,5,6,1,4,-0.006,-0.28,0.16244,0.042090002,10.586667,14.178572,0.36473557,0.96605426,,0.10232,97.59,0.00892,0.95835996,0.073699996,10.0,,2.0,0.939,1289221
VOR,Vor Biopharma Inc.,Healthcare,Biotechnology,13.99,0.541695552,28,0,5,0,2,6,15,,,0.0,0.0,,-3.0358396,,-0.056745585,,,,0.03561,0.43848,0.0629,44.6,,5.0,2.025,1887885
XPOF,"Xponential Fitness, Inc.",Consumer Cyclical,Leisure,7.73,0.378051104,28,0,9,9,4,2,4,-0.021,,0.6806,0.29740998,,8.921667,1.199648,-1.178713,,,,0.07915,0.97660005,0.18969999,10.9,,10.0,1.416,605695
BRCB,"Black Rock Coffee Bar, Inc.",Consumer Cyclical,Restaurants,15.39,0.268993376,27,6,11,2,2,2,4,0.242,,0.4926,-0.12449,,84.92441,1.419535,6.2484775,,,158.666,0.01872,1.18336,0.1778,27.83333,1.57143,6.0,,438158
BTGO,"BitGo Holdings, Inc.",Financial Services,Capital Markets,12.06,1.394111872,27,12,8,3,0,0,4,6.105,,0.01643,0.00114,8.492958,,0.1251907,3.5860841,,,92.715,0.02737,0.0,,,,,,5588933
BW,"Babcock & Wilcox Enterprises, I",Industrials,Specialty Industrial Machinery,10.39,1.154329984,27,0,5,1,6,6,9,-0.024,,0.26152,0.0421,,779.4449,1.6003798,-4.9689145,,,,0.05539,0.72195,0.0364,8.75,1.5,4.0,1.438,4362020
BWIN,"The Baldwin Insurance Group, In",Financial Services,Insurance Brokers,22.83,2.712758016,27,3,12,1,4,3,4,0.078,,0.27547002,0.01422,,11.268844,1.8237066,2.6310937,,-0.041869998,152.646,0.00669,0.87427,0.0678,33.375,2.11111,8.0,1.376,1178305
CLM,Cornerstone Strategic Value Fd,Financial Services,Asset Management,8.27,2.347767296,27,0,5,12,6,0,4,-0.251,-0.608,1.0,0.37635,8.705264,,120.59808,1.2235539,,0.13613,,0.0,0.16540001,,,,,1.181,1919073
CMP,Compass Minerals Intl Inc,Basic Materials,Other Industrial Metals & Mining,25.83,1.080197632,27,0,6,5,4,8,4,-0.25,,0.21309,0.00992,,25.659367,0.71328425,4.6009974,,0.17011999,319.14,0.23335,0.78353995,0.057800002,22.5,2.25,4.0,1.571,489111
COMP,"Compass, Inc.",Real Estate,Real Estate Services,13.03,9.437571072,27,6,5,5,2,5,4,0.236,,0.12189,0.00184,,32.33411,1.4208502,9.41474,,-0.09359,61.793,0.01507,0.66858,0.071,13.90909,1.81818,11.0,2.535,16770540
FUN,Six Flags Entertainment Corpora,Consumer Cyclical,Leisure,18.35,1.8620544,27,0,12,7,2,2,4,-0.023,,0.37462002,0.33133,,357.42114,0.5934816,3.0245593,,-0.91830003,608.297,0.01962,1.09201,0.272,25.23077,1.76923,13.0,0.367,3539676
GLSI,"Greenwich LifeSciences, Inc.",Healthcare,Biotechnology,30.02,0.41591328,27,0,5,0,4,3,15,,,0.0,0.0,,-36.609756,,190.0,,-5.43434,,0.50706,0.09511,0.22530001,47.5,,2.0,1.444,517923
JRVR,"James River Group Holdings, Inc",Financial Services,Insurance - Specialty,6.75,0.310269408,27,0,10,6,2,5,4,-0.098,,0.26037002,0.05139,,5.6385326,0.4798624,0.61565125,,-0.06966,51.803,0.07421,0.74264,0.0573,7.33333,2.0,3.0,-0.018,262396
NRK,Nuveen New York AMT-Free Qualit,Financial Services,Asset Management,10.15,0.885438272,27,0,5,12,4,2,4,,,1.0,0.80316,,,11.544802,0.98514986,,,75.335,0.0,0.16418,0.0015,,,,0.672,419466
PML,Pimco Municipal Income Fund II ,Financial Services,Asset Management,7.66,0.509336384,27,0,5,12,4,2,4,-0.009,,1.0,0.85746,,,11.181673,0.9733164,,-0.05198,73.435,0.000120000004,0.28184,,,,,0.76,551710
RYI,Ryerson Holding Corporation,Industrials,Metal Fabrication,28.22,0.909021056,27,3,10,1,4,0,9,0.031,,0.17979999,0.00895,,21.541985,0.20318314,1.154145,,-0.026600001,109.029,0.04086,0.99791,0.1047,29.0,,1.0,1.6,373625
SRPT,"Sarepta Therapeutics, Inc.",Healthcare,Biotechnology,21.235,2.22515584,27,0,10,2,0,0,15,-0.145,,0.18388,-0.15745,,6.8011203,0.9218801,1.6853175,,-0.21369,95.473,0.051680002,0.85322,0.2354,21.43478,2.76923,23.0,0.479,4100610
THS,"Treehouse Foods, Inc.",Consumer Defensive,Packaged Foods,24.65,1.24482496,27,3,10,2,4,4,4,0.001,,0.17179,0.0626,,12.506342,0.37314898,0.986,,-0.17179,129.933,0.01105,0.97277,0.026400002,21.91667,3.0,6.0,0.173,986858
BKD,Brookdale Senior Living Inc.,Healthcare,Medical Care Facilities,14.5,3.446422528,26,3,5,1,2,3,12,0.042,,0.27571,0.023570001,,-23.387096,1.1178321,-517.8571,,-2.12269,,0.02637,1.01009,0.0809,15.5,1.5,4.0,0.672,3898971
DK,"Delek US Holdings, Inc.",Energy,Oil & Gas Refining & Marketing,28.94,1.740810752,26,0,9,2,4,2,9,-0.051,,0.058179997,0.11728,,-32.325806,0.16319284,9.598673,,-0.69371,821.335,0.02785,1.0469899,0.2758,39.71429,2.57143,14.0,0.786,1451970
DKNG,DraftKings Inc.,Consumer Cyclical,Gambling,29.94,14.903309312,26,3,10,2,6,1,4,0.044,,0.44015998,-0.23766,,18.842157,2.730492,20.298306,,-0.29591998,260.362,0.02785,0.84542,0.077800006,45.23529,1.57143,34.0,1.63,13718355
HPP,"Hudson Pacific Properties, Inc.",Real Estate,REIT - Office,8.88,3.934977536,26,0,14,2,4,2,4,-0.057,,0.43458,-0.13998,,-1.7377657,5.034026,0.17041202,,-0.14216,114.008,0.019270001,1.13355,0.1269,14.3375,2.53846,8.0,1.51,1237984
IMVT,"Immunovant, Inc.",Healthcare,Biotechnology,26.45,5.329054208,26,0,5,0,0,6,15,,,0.0,0.0,,-8.8209305,,8.881801,,-0.95934,,0.57282,0.48296002,0.19479999,40.3125,,16.0,0.573,1655923
KRO,Kronos Worldwide Inc,Basic Materials,Specialty Chemicals,5.38,0.618985792,26,0,10,2,6,4,4,-0.057,,0.15503,-0.03896,,80.13107,0.3320383,0.7692308,,-0.05,80.415,0.81254,0.16869,0.0872,5.5,,2.0,1.109,355188
KRRO,"Korro Bio, Inc.",Healthcare,Biotechnology,13.31,0.1253442,26,0,5,4,0,2,15,,,0.00624,-17.64862,,-1.6246567,17.005047,1.263048,,-0.63458,45.105,0.06158,1.1119599,0.1526,13.8,2.55556,5.0,2.529,540873
LTBR,Lightbridge Corporation,Industrials,Electrical Equipment & Parts,16.525,0.534936352,26,0,3,0,6,5,12,,,0.0,0.0,,,,3.0432782,,-0.18145001,,0.09515,0.38092,0.1305,,,,1.865,1191918
MATV,"Mativ Holdings, Inc.",Basic Materials,Specialty Chemicals,12.3,0.672577664,26,3,14,1,2,2,4,0.03,,0.17820999,0.04575,,11.770335,0.33925733,1.69235,,-0.6825,275.868,0.01976,0.92257005,0.025999999,18.25,,2.0,0.821,316460
PEB,Pebblebrook Hotel Trust,Real Estate,REIT - Hotel & Motel,11.52,1.365976064,26,0,10,2,8,2,4,-0.014,,0.23743999,0.0813,,-21.333334,0.9329635,0.52164465,,-0.0349,100.366,0.023640001,1.32045,0.2675,12.85714,2.93333,14.0,1.537,2062105
PSNL,"Personalis, Inc.",Healthcare,Diagnostics & Research,9.97,0.885379392,26,0,1,5,4,7,9,-0.436,,0.26666,-1.60683,,-10.188336,12.81246,5.1604557,,-0.43695,24.428,0.31278,0.68708,0.142,11.14286,1.42857,7.0,1.97,1536171
TFSL,TFS Financial Corporation,Financial Services,Banks - Regional,14.69,4.122510336,26,14,3,5,0,0,4,0.14,0.5,0.0,0.42407,45.90625,38.657894,12.924283,2.162202,,0.04843,,0.00486,0.9252,0.1018,14.5,3.0,2.0,0.748,607271
USAU,U.S. Gold Corp.,Basic Materials,Gold,19.92,0.32494224,26,0,5,5,4,8,4,,,0.0,0.0,,-16.810127,,11.655939,,-1.15512,0.338,0.16513,0.28224,0.0913,30.6,,5.0,0.839,316541
AKTS,"Aktis Oncology, Inc.",Healthcare,Biotechnology,19.64,1.031537536,25,0,0,5,0,5,15,,,0.0,-16.75777,,,185.52834,-0.12091213,,-0.26504,4.89,0.12945,0.41291,,,,,,567223
CDZI,"Cadiz, Inc.",Utilities,Utilities - Regulated Water,5.69,0.477732864,25,6,5,0,4,6,4,0.287,,0.32467997,-1.18004,,-22.76,29.897545,16.83432,,-1.3635601,327.13,0.33391997,0.46923,0.1141,12.5,,2.0,2.023,907991
CLF,Cleveland-Cliffs Inc.,Basic Materials,Steel,14.21,8.095542784,25,3,10,0,4,4,4,0.036,,-0.0494,-0.03042,,70.0,0.43473005,1.2860893,,-0.25277,141.248,0.014099999,0.6974,0.17940001,13.48889,2.66667,9.0,1.918,16822066
DHC,Diversified Healthcare Trust,Real Estate,REIT - Healthcare Facilities,5.87,1.421402624,25,3,10,0,2,6,4,0.04,,0.17485,-0.04104,,-10.298245,0.9242484,0.8416977,,-0.18844,162.322,0.10184,0.76813006,0.0477,5.75,2.33333,2.0,2.41,1234781
ETW,Eaton Vance Corporation Eaton V,Financial Services,Asset Management,9.38,1.018647232,25,0,5,12,2,2,4,-0.24,-0.083,1.0,0.57409,9.670103,,51.59321,0.9889299,,0.102110006,,4.0000003e-05,0.22728,,,,,0.849,399585
FLG,"Flagstar Bank, N.A.",Financial Services,Banks - Regional,13.54,5.629334528,25,6,9,2,4,0,4,0.262,,0.0,0.08108,,22.279264,3.1204736,0.7399716,,-0.04724,,0.00598,0.91417,0.2313,14.13235,2.33333,17.0,1.099,4840486
GT,The Goodyear Tire & Rubber Comp,Consumer Cyclical,Auto Parts,9.61,2.750006016,25,0,10,1,8,2,4,-0.037,,0.17989999,0.01679,,8.695337,0.15019147,0.9150638,,-0.42193002,288.641,0.04281,0.96053004,0.1179,9.6375,2.54545,8.0,1.182,6432743
HELE,Helen of Troy Limited,Consumer Defensive,Household & Personal Products,16.7,0.38530416,25,0,15,4,0,2,4,-0.034,,0.4672,0.11414,,4.9379363,0.21380177,0.45158327,,-0.639,111.107,0.01375,1.03875,0.1575,28.0,,3.0,0.78,903586
LUNR,"Intuitive Machines, Inc.",Industrials,Aerospace & Defense,20.99,2.987104,25,0,0,0,6,4,15,-0.103,,0.00537,-0.29405,,457.69733,13.5816965,-6.1213183,,-1.77462,152.254,0.060689997,0.73936,0.2001,18.33333,1.55556,9.0,1.371,9714326
NGL,NGL ENERGY PARTNERS LP,Energy,Oil & Gas Midstream,11.68,1.468438912,25,0,5,4,0,7,9,-0.108,,0.30816,0.14947,,13.741177,0.45178387,-7.694335,,0.14835,496.165,0.10805,0.56587005,0.0403,,,,0.288,405558
NVRI,Enviri Corporation,Industrials,Waste Management,18.99,1.532464256,25,3,6,1,4,2,9,0.002,,0.18424,0.03649,,-49.973682,0.6828978,4.241679,,-0.34159002,412.915,0.03674,1.09869,0.1407,21.33333,,3.0,1.78,1815348
PRA,ProAssurance Corporation,Financial Services,Insurance - Property & Casualty,24.24,1.246266752,25,5,10,6,0,0,4,-0.03,-0.912,0.23881,0.05079,37.29231,23.764706,1.1123558,0.9555345,,0.026589999,33.494,0.01274,0.98452,0.1533,25.0,3.2,2.0,0.093,419035
RUM,Rumble Inc.,Communication Services,Internet Content & Information,6.0,2.034427776,25,0,6,5,0,5,9,-0.012,,-0.12082,-0.98382,,-19.35484,19.602867,6.734007,,-1.22078,0.743,0.48754,0.21265,,22.0,,1.0,0.699,2829926
SYRE,"Spyre Therapeutics, Inc.",Healthcare,Biotechnology,33.58,2.60554368,25,0,6,0,2,2,15,,,0.0,0.0,,-11.988705,,6.7852097,,-0.38076,,0.0678,0.84698,0.1567,56.42857,1.0,14.0,3.18,708276
UA,"Under Armour, Inc.",Consumer Cyclical,Apparel Manufacturing,5.93,2.593600768,25,0,10,3,6,2,4,-0.047,,0.47395,0.04005,,15.605263,0.5136789,1.3541903,,-0.045640003,102.377,0.096219994,0.80902,,,,,1.817,5903512
BBWI,"Bath & Body Works, Inc.",Consumer Cyclical,Specialty Retail,20.73,4.274268416,24,0,7,4,6,3,4,-0.01,-0.239,0.44139,0.101,6.4179564,8.036068,0.5812168,-2.6676104,,,,0.0037,1.11155,0.0796,24.61538,2.375,13.0,1.474,7588988
EGBN,"Eagle Bancorp, Inc.",Financial Services,Banks - Regional,26.54,0.806052608,24,3,5,4,4,4,4,0.008,-0.508,0.0,0.19584998,,10.336904,202.83156,0.71735543,,-0.10245,,0.0833,0.82496,0.113900006,24.625,2.5,4.0,1.021,468860
GO,Grocery Outlet Holding Corp.,Consumer Defensive,Grocery Stores,9.44,0.926415424,24,3,14,1,0,2,4,0.054,-0.507,0.30235,0.020650001,,11.403721,0.20265704,0.77288353,,-0.00366,151.125,0.045939997,1.33933,0.35189998,14.11538,2.57143,13.0,0.473,2759700
GPRE,"Green Plains, Inc.",Basic Materials,Chemicals,12.09,0.844305664,24,0,10,4,4,2,4,-0.228,-0.755,0.04718,-0.00086000003,,110.66361,0.37577254,1.1309636,,-0.22003001,56.119,0.03076,0.93297,0.185,11.55556,2.44444,9.0,1.45,1397196
HQH,Tekla Healthcare Investors,Financial Services,Asset Management,19.16,1.063577792,24,8,5,5,0,2,4,-0.487,0.911,1.0,-0.88141996,11.90062,,141.18242,0.972342,,0.09159,,2.0000001e-05,0.21906,,,,,0.707,204438
IE,Ivanhoe Electric Inc.,Basic Materials,Copper,19.92,2.882718464,24,0,0,9,4,7,4,-0.188,,0.64049006,-43.28257,,-38.32612,783.3474,9.46768,,-0.23918,25.202,0.23159,0.70129997,0.105399996,21.91667,1.57143,6.0,0.982,2007238
JBGS,JBG SMITH Properties,Real Estate,REIT - Office,16.62,1.065680576,24,0,10,2,8,0,4,-0.089,,0.49865,-0.00875,,-10.134147,2.126148,0.82781297,,-0.08919,142.939,0.00164,1.03924,0.4082,17.5,4.33333,2.0,1.129,605978
NB,NioCorp Developments Ltd.,Basic Materials,Other Industrial Metals & Mining,6.455,0.79377888,24,0,6,5,4,5,4,,,0.0,0.0,,-19.86154,,4.291888,,-0.76467,0.074,0.02711,0.27855,0.0859,12.4875,,4.0,-0.022,5074528
NEXT,NextDecade Corporation,Energy,Oil & Gas Equipment & Services,5.28,1.398151552,24,0,5,0,2,8,9,,,0.0,0.0,,-25.142859,,9.041097,,-0.01269,341.842,0.45457,0.44844002,0.1263,9.66667,2.33333,3.0,1.974,3148188
OXM,"Oxford Industries, Inc.",Consumer Cyclical,Apparel Manufacturing,36.54,0.543619904,24,0,10,4,4,2,4,-0.002,,0.61711,-0.07211,,13.823212,0.36390433,1.0295278,,-0.00511,107.235,0.06564,1.04371,0.3442,36.75,3.0,4.0,1.078,480735
SG,"Sweetgreen, Inc.",Consumer Cyclical,Restaurants,6.13,0.725629824,24,0,14,2,2,2,4,-0.006,,0.17306,-0.17261,,-10.707424,1.0590291,1.8447187,,-0.2647,90.621,0.03333,0.93288004,0.28059998,8.07083,2.78571,12.0,1.932,5565171
USAR,"USA Rare Earth, Inc.",Basic Materials,Other Industrial Metals & Mining,22.07,4.809736192,24,0,5,0,8,7,4,,,0.0,0.0,,-245.22221,,-41.484962,,-36.46635,,0.13293,0.3001,0.1926,37.2,1.0,5.0,0.983,14434975
WEN,Wendy's Company (The),Consumer Cyclical,Restaurants,7.72,1.471162624,24,0,7,11,0,2,4,-0.03,-0.069,0.35581002,0.17214,8.212766,8.827902,0.6662301,13.449477,,1.0085,3785.266,0.09458999,0.91607004,0.5494,9.9375,3.0,24.0,0.389,6887213
AAT,"American Assets Trust, Inc.",Real Estate,REIT - Diversified,18.01,1.392795136,23,0,9,8,2,0,4,-0.108,-0.73,0.62815,0.22827,17.656864,25.013887,3.2005773,0.9419949,,0.069910005,153.137,0.01854,0.96791,0.2184,18.0,3.66667,2.0,0.999,447538
CALY,Callaway Golf Company,Consumer Cyclical,Leisure,14.53,2.671829248,23,0,10,1,2,6,4,-0.078,,0.30915,0.03158,,77.83789,0.6578916,1.0793344,,-0.46948,179.929,0.12205,0.8579,0.048299998,15.16667,2.18182,9.0,0.926,3170258
CC,Chemours Company (The),Basic Materials,Specialty Chemicals,15.24,2.28435328,23,0,5,2,10,2,4,-0.009,,0.17543,0.06957,,8.822354,0.39135742,7.6659956,,-0.66528,1473.0,0.00464,0.95166,0.14739999,16.33333,2.0,9.0,1.597,2766005
CORZ,"Core Scientific, Inc.",Technology,Software - Infrastructure,18.84,5.841554944,23,0,4,0,4,0,15,-0.149,,0.10215,-0.60398996,,-75.36,17.480213,-5.1503553,,,,0.02634,1.16874,0.2062,26.90625,1.33333,16.0,6.894,12533863
FLNC,"Fluence Energy, Inc.",Utilities,Utilities - Renewable,31.57,5.801806336,23,0,5,3,0,5,10,-0.152,-0.637,0.13125,0.047069997,,123.75054,2.5639603,9.639694,,-0.11763,73.997,0.30655,0.7507,0.33290002,19.0,3.05,19.0,2.885,5893370
HRB,"H&R Block, Inc.",Consumer Cyclical,Personal Services,38.87,4.970225664,23,8,9,2,0,0,4,0.05,,0.44559,-1.0171,8.854214,7.1092815,1.3181049,-8.9192295,,,,0.0125,0.97190005,0.14649999,55.0,3.25,2.0,0.347,1640913
HUN,Huntsman Corporation,Basic Materials,Chemicals,11.18,1.942548864,23,0,10,3,4,2,4,-0.052,,0.13408,0.01507,,-33.395065,0.33608115,0.69761646,,-0.08005,80.007,0.05578,0.98161006,0.1228,10.80769,3.13333,13.0,0.691,5151265
KOD,Kodiak Sciences Inc,Healthcare,Biotechnology,25.43,1.552461568,23,0,2,0,2,4,15,,,0.0,0.0,,-6.8241343,,56.763393,,-2.07915,262.54,0.04777,0.78275,0.17459999,30.71429,1.875,7.0,2.672,861258
LUCK,LUCKY STRIKE ENTERTAINMENT CORP,Consumer Cyclical,Leisure,8.18,1.147159936,23,3,10,4,0,2,4,0.123,,0.37161,0.09538999,,24.787878,0.93006736,-3.5017126,,,,0.03971,0.93050003,0.2309,13.35,,10.0,0.704,291253
NAC,Nuveen California Quality Munic,Financial Services,Asset Management,11.9,1.749578112,23,0,5,12,0,2,4,,,1.0,0.84002995,,,12.983759,1.0762413,,,75.214,0.0,0.13391,0.0025,,,,0.584,569725
QMCO,Quantum Corporation,Technology,Computer Hardware,6.54,0.10708988,23,0,10,2,2,0,9,-0.127,,0.38294,-0.079169996,,-5.662338,0.41677487,-0.5432796,,,,0.02871,0.07567,0.119899996,11.0,2.0,2.0,2.629,601463
RYAM,Rayonier Advanced Materials Inc,Basic Materials,Chemicals,7.98,0.53470464,23,0,10,1,4,4,4,-0.12,,0.08068,0.02547,,22.800001,0.36340943,1.5808241,,-0.77141,233.978,0.049089998,0.67533994,0.0382,9.0,2.0,2.0,2.201,695600
UAA,"Under Armour, Inc.",Consumer Cyclical,Apparel Manufacturing,6.05,2.564530688,23,0,10,3,6,0,4,-0.047,,0.47395,0.04005,,28.269709,0.5079214,1.381594,,-0.045640003,102.377,0.00236,1.07705,0.39380002,6.21579,2.73077,19.0,1.817,11784918
UEC,Uranium Energy Corp.,Energy,Uranium,18.6,8.990820352,23,0,1,5,6,2,9,,,-1.13455,-1.80848,,256.55173,180.72,6.848306,,-0.07287,0.147,0.01793,0.8222,0.1246,18.16667,1.44444,9.0,1.236,10737960
BBT,Beacon Financial Corporation,Financial Services,Banks - Regional,28.93,2.427483392,22,5,7,0,2,4,4,-0.322,,0.0,-0.35616,11.808163,7.393569,7.630716,1.0078033,,0.0046200003,,0.01285,0.89268,0.046,32.42857,1.85714,7.0,,890226
COLD,"Americold Realty Trust, Inc.",Real Estate,REIT - Industrial,12.38,3.538075648,22,0,12,2,2,2,4,-0.014,,0.31882,0.056789998,,72.82353,1.3569325,1.1626596,,-0.01943,139.779,0.00059999997,1.12727,0.1165,14.8,2.33333,15.0,0.924,6291706
FFWM,First Foundation Inc.,Financial Services,Banks - Regional,6.12,0.507252512,22,0,9,5,2,2,4,,,0.0,40.69751,,13.500099,3.177856,0.608834,,-0.16223,,0.05922,0.85109,0.048899997,6.75,,2.0,0.927,788806
HTZ,"Hertz Global Holdings, Inc",Industrials,Rental & Leasing Services,5.08,1.582891904,22,0,5,2,4,2,9,-0.038,,0.11508001,0.119849995,,-9.826299,0.1858727,-4.980392,,-5.67033,,0.02201,1.11735,0.4474,4.85833,,6.0,2.134,9718446
IMSR,Terrestrial Energy Inc.,Utilities,Utilities - Regulated Electric,9.245,0.755976832,22,0,7,5,0,3,7,,,0.0,19973.037,,-3.8360994,-728301.4,-1.0733775,,,,0.37039003,0.17242001,,12.0,,1.0,,2912813
PTON,"Peloton Interactive, Inc.",Consumer Cyclical,Leisure,5.73,2.394031104,22,0,10,6,2,0,4,-0.06,,0.50831,0.09804,,63.666664,0.97492707,-6.895307,,,,0.01087,0.93851,0.16239999,10.36562,2.09524,16.0,2.409,9270661
QS,QuantumScape Corporation,Consumer Cyclical,Auto Parts,9.855,5.925912064,22,0,1,5,4,8,4,,,0.0,0.0,,-14.571504,,4.873887,,-0.38653,6.004,0.17856,0.31129998,0.1244,9.55556,,9.0,2.616,20253136
SNBR,Sleep Number Corporation,Consumer Cyclical,"Furnishings, Fixtures & Appliances",11.59,0.264136096,22,0,5,4,6,3,4,-0.196,,0.6005,-0.00339,,-25.755556,0.18331556,-0.50664455,,,,0.20114,0.891,0.2905,9.0,3.0,2.0,1.814,818148
UNFI,"United Natural Foods, Inc.",Consumer Defensive,Food Distribution,37.28,2.27153792,22,0,10,1,4,3,4,-0.004,,0.13426,0.00829,,13.438834,0.07153774,1.467601,,-0.0624,224.289,0.01899,1.00429,0.087299995,41.125,,8.0,0.864,957988
VWAV,"VisionWave Holdings, Inc.",Industrials,Aerospace & Defense,10.77,0.177668416,22,0,0,0,4,3,15,,,0.0,0.0,,,,-13.263548,,,,0.93574,0.15117,,,,,0.177,305803
XHR,"Xenia Hotels & Resorts, Inc.",Real Estate,REIT - Hotel & Motel,14.79,1.502757632,22,0,10,1,4,3,4,-0.002,,0.25208,0.02175,26.410713,55.811325,1.3982106,1.1909171,,0.04737,117.341,0.0107700005,1.01161,0.0988,16.4,,5.0,1.242,958111
AIV,Apartment Investment and Manage,Real Estate,REIT - Residential,5.86,0.844282688,21,0,6,4,4,3,4,-0.006,,0.57198,-0.15672,,-13.0222225,4.003446,13.257918,,-0.30603,376.365,0.0923,0.88391,0.055999998,7.0,,1.0,1.34,1993761
HE,"Hawaiian Electric Industries, I",Utilities,Utilities - Regulated Electric,15.87,2.739486976,21,0,10,2,0,2,7,-0.051,,0.18891001,0.06686,7.3133636,16.24909,0.8893711,1.7518489,,0.07021,187.349,0.00209,0.81056,0.123900004,12.0,4.0,3.0,0.655,3749343
KBDC,"Kayne Anderson BDC, Inc.",Financial Services,Asset Management,14.17,1.000075776,21,5,0,0,2,10,4,,,0.0,0.0,9.384106,8.9626255,,,,,,0.27974,0.38511002,0.0087,15.5,,5.0,,336515
OPEN,Opendoor Technologies Inc,Real Estate,Real Estate Services,5.58,5.3221376,21,0,6,0,4,7,4,-0.336,,0.0801,-0.071040004,,-25.87166,1.1278105,5.3092294,,-0.39330003,220.345,0.14369,0.37109002,0.13939999,3.76667,3.25,6.0,3.652,90192658
VTIX,Virtuix Holdings Inc. Class A Common Stock,Technology,Computer Hardware,8.59,0.265022608,21,12,0,0,0,0,9,0.883,,0.14545,-1.55844,,,55.66978,-268.4375,,,,,,,,,,,849000
CBRL,Cracker Barrel Old Country Stor,Consumer Cyclical,Restaurants,28.43,0.634787776,20,0,10,0,4,2,4,-0.057,,0.32496,-0.03678,38.41892,64.99029,0.18475783,1.4804207,,0.038900003,289.503,0.00964,1.0467601,0.4966,29.125,3.1,8.0,1.266,1926883
CCOI,"Cogent Communications Holdings,",Communication Services,Telecom Services,24.04,1.182352384,20,0,7,2,0,2,9,-0.062,,0.46928,-0.09239,,-7.105426,1.303251,-29.139395,,-1.36935,,0.02722,1.05442,0.1851,30.81818,2.5,11.0,0.788,1536811
ETY,Eaton Vance Tax-Managed Diversi,Financial Services,Asset Management,15.28,2.43325568,20,0,5,7,2,2,4,-0.005,0.064,1.0,-0.34515998,7.9170985,,131.13362,0.9763578,,0.1263,,4.0000003e-05,0.23487,,,,,0.995,209906
FMC,FMC Corporation,Basic Materials,Agricultural Inputs,15.91,1.987478144,20,0,14,2,0,0,4,-0.491,,0.3815,-0.18775,,6.49401,0.5507921,0.5266468,,-0.11455,122.645,0.00936,0.92582,0.119399995,21.26471,2.45,17.0,0.659,4920298
HLF,Herbalife Ltd.,Consumer Defensive,Packaged Foods,16.98,1.754215936,20,3,5,4,2,2,4,0.027,-0.091,0.45279,0.099870004,5.4249196,6.140249,0.35353714,-2.8634064,,,,0.0189,1.00078,0.1089,14.0,2.2,4.0,0.826,2074200
OI,"O-I Glass, Inc.",Consumer Cyclical,Packaging & Containers,15.27,2.35269888,20,0,12,2,0,2,4,-0.015,,0.1684,0.1101,,7.8896384,0.36447698,1.767361,,-0.08336,348.027,0.01935,1.03736,0.121700004,17.88889,,9.0,0.771,2219613
YSS,"York Space Systems, Inc.",Industrials,Aerospace & Defense,33.61,4.201250048,20,0,0,5,0,0,15,,,0.19597,-0.21954,,,11.753063,45.66576,,,26.444,,,,,,,,15780017
CAG,"ConAgra Brands, Inc.",Consumer Defensive,Packaged Foods,17.83,8.529327616,19,0,10,4,0,1,4,-0.068,,0.24620001,0.11413,,9.857255,0.7592085,1.0542186,,-0.0116,94.229,0.00642,0.89636004,0.082600005,18.81176,3.0,17.0,-0.014,10861985
LMRI,"Lumexa Imaging Holdings, Inc.",Healthcare,Medical Devices,12.94,1.223679488,19,0,5,0,0,2,12,,,0.0,0.0,,17.608316,,48.46442,,,,,,,22.71429,,7.0,,828278
NAVI,Navient Corporation,Financial Services,Credit Services,9.88,0.963366272,19,0,12,1,0,2,4,-0.549,,-0.27576,0.04301,,9.497443,2.9192917,0.39535815,,-0.03175,1905.211,0.02683,1.0477101,0.33470002,11.5,3.22222,9.0,,877930
NCDL,Nuveen Churchill Direct Lending Corp.,Financial Services,Asset Management,13.44,0.663762112,19,5,2,0,0,8,4,,,0.0,0.0,8.842105,8.234082,,,,,,0.088240005,0.27721,0.0112,15.66667,2.16667,6.0,,282726
BBBY,"Bed Bath & Beyond, Inc.",Unknown,Unknown,6.29,0.433149184,18,0,8,0,4,2,4,,,,,,-10.503816,,2.0173187,,,,,,,11.0,,5.0,,1886701
ETV,Eaton Vance Corporation Eaton V,Financial Services,Asset Management,14.6,1.704616704,18,0,5,7,2,0,4,-0.012,-0.918,1.0,0.13348,10.138888,,82.00749,1.007661,,0.09936,,0.0,0.18552,,,,,0.851,227876
FJET,"Starfighters Space, Inc.",Industrials,Aerospace & Defense,8.44,0.370899776,18,0,0,0,0,3,15,,,0.0,0.0,,,,-33.359684,,,,0.32432,2.0000001e-05,,,,,,5377262
AMCI,AMC Robotics Corporation,Technology,Computer Hardware,5.72,0.129245592,17,0,0,5,0,3,9,-0.526,,0.28417,0.45616,,,18.790298,15.33512,,,134.451,0.83779,0.057789996,,,,,-0.079,4442106
JACK,Jack In The Box Inc.,Consumer Cyclical,Restaurants,20.59,0.393333984,17,0,5,2,6,0,4,-0.066,-0.736,0.28671,0.07833,,5.1270814,0.26842982,-0.414586,,,,0.078600004,1.09349,0.271,21.75,2.66667,18.0,1.152,847401
CD,Chaince Digital Holdings Inc. -,Financial Services,Capital Markets,6.09,0.431627552,16,0,0,5,0,7,4,-0.016,,-0.30127,-3.0419,,,451.10162,13.181818,,-0.16691,14.397,0.42994,0.2706,0.0464,,,,9.546,207826
OPTX,"Syntec Optics Holdings, Inc.",Technology,Electronic Components,6.8,0.251057536,16,0,2,0,0,5,9,-0.116,,0.20601,-0.17533001,,,8.99835,25.56391,,-0.27251,115.891,0.83796996,0.01254,0.0464,,,,-1.085,2557021
PPTA,Perpetua Resources Corp.,Basic Materials,Other Precious Metals & Mining,32.06,3.911684864,16,0,1,5,2,4,4,,,0.0,0.0,,-471.47058,,6.48594,,-0.14538999,0.009,0.068959996,0.67713,0.1193,33.8,1.28571,5.0,0.184,2336626
MSDL,Morgan Stanley Direct Lending Fund,Financial Services,Asset Management,16.21,1.407595392,15,5,0,0,0,6,4,,,0.0,0.0,9.824242,8.732989,,,,,,0.00239,0.26939,0.0068,17.53571,,7.0,,798351
NIQ,NIQ Global Intelligence plc,Unknown,Unknown,17.11,5.047450112,15,0,3,0,6,2,4,,,,,,21.421507,,5.1335135,,,,,,,21.5,1.64286,13.0,,1264320
PELI,Pelican Acquisition Corporation,Financial Services,Shell Companies,10.61,0.127306744,15,0,0,0,4,7,4,,,0.0,0.0,,,,-3536.6665,,,,0.20836,0.65275,0.0052,,,,,234691
WLAC,Willow Lane Acquisition Corp.,Financial Services,Shell Companies,11.69,0.201987696,15,0,5,0,4,2,4,,,0.0,0.0,584.5,,,1.528904,,,,0.0,0.91192,0.006,,,,,226558
BBN,BlackRock Taxable Municipal Bon,Financial Services,Asset Management,16.26,1.004746304,13,0,0,0,4,5,4,,,0.0,0.0,19.129412,,,,,,,0.0,0.40353,0.0002,,,,,363766
ECAT,BlackRock ESG Capital Allocation Term Trust,Financial Services,Asset Management,15.56,1.545820544,13,0,0,0,4,5,4,,,0.0,0.0,7.6274514,,,,,,,2.0000001e-05,0.39345002,0.001,,,,,393083
GPAC,General Purpose Acquisition Corp.,Financial Services,Shell Companies,9.92,0.2917472,13,0,0,0,4,5,4,,,0.0,0.0,,,,-1984.0,,,,54.99814,13.34708,0.0047,,,,0.032,225675
CCCX,Churchill Capital Corp X,Financial Services,Shell Companies,15.46,0.804692992,12,0,0,0,4,4,4,,,0.0,0.0,,,,-21.178082,,,,0.00719,0.70475,0.0187,,,,,2194075
DSL,DoubleLine Income Solutions Fun,Financial Services,Asset Management,11.48,1.315314304,12,0,0,0,4,4,4,,,0.0,0.0,11.958333,,,,,,,0.0,0.22013001,0.0011999999,,,,,759796
FSCO,FS Credit Opportunities Corp.,Financial Services,Asset Management,6.12,1.21393792,12,0,0,0,4,4,4,,,0.0,0.0,6.8,,,,,,,0.0027200002,0.29079,0.0095,,,,,1408510
BIT,BlackRock Multi-Sector Income T,Financial Services,Asset Management,13.25,0.581734656,11,0,0,0,2,5,4,,,0.0,0.0,9.397163,,,,,,,0.0,0.41212,0.0011999999,,,,,329783
CGCT,Cartesian Growth Corporation II,Financial Services,Shell Companies,10.3,0.355350016,11,0,0,0,2,5,4,,,0.0,0.0,,,,-28.065395,,,,0.25,0.93448997,0.0007,,,,,238050
FRMI,Fermi Inc.,Unknown,Unknown,9.7,5.956046336,11,0,5,0,0,2,4,,,,,,23.312824,,18.441063,,,,,,,29.0,,8.0,,6533135
MEGI,NYLI CBRE Global Infrastructure Megatrends Term Fund,Financial Services,Asset Management,14.3,0.744279744,11,0,0,0,2,5,4,,,0.0,0.0,8.125,,,,,,,0.13338,0.49003,,,,,,207646
BMEZ,BlackRock Health Sciences Trust,Financial Services,Asset Management,15.2,1.53907776,10,0,0,0,4,2,4,,,0.0,0.0,,,,,,,,0.0,0.1751,0.002,,,,,293458
CEPV,"Cantor Equity Partners V, Inc.",Financial Services,Shell Companies,10.25,0.325847488,10,0,0,0,4,2,4,,,0.0,0.0,,,,-1281.25,,,,0.021140002,0.00701,0.0011999999,,,,,258298
DLY,DoubleLine Yield Opportunities ,Financial Services,Asset Management,14.78,0.717412096,10,0,0,0,4,2,4,,,0.0,0.0,14.349515,,,,,,,0.0,0.22997999,,,,,,260208
DXYZ,Destiny Tech100 Inc.,Financial Services,Asset Management,32.56,0.469775296,10,0,0,0,4,2,4,,,0.0,0.0,17.79235,,,,,,,0.049310002,0.04183,0.0442,,,,,1337830
GHY,PGIM Global Short Duration High,Financial Services,Asset Management,12.93,0.52952912,10,0,0,0,4,2,4,,,0.0,0.0,9.437957,,,,,,,0.0,0.23584,,,,,,206648
KIO,KKR Income Opportunities Fund,Financial Services,Asset Management,11.56,0.473788512,10,0,0,0,4,2,4,,,0.0,0.0,21.811323,,,,,,,0.0005,0.26976,,,,,,313533
WDI,Western Asset Diversified Income Fund,Financial Services,Asset Management,13.8,0.715263488,10,0,0,0,4,2,4,,,0.0,0.0,11.404959,,,,,,,4.0000003e-05,0.22504999,,,,,,254466
BCX,BlackRock Resources  of Benefic,Financial Services,Asset Management,12.87,1.006342784,9,0,0,0,0,5,4,,,0.0,0.0,23.833332,,,,,,,0.0,0.31361,0.0015,,,,,241566
PDX,170604,Financial Services,Asset Management,20.14,0.900398016,9,0,0,0,2,3,4,,,0.0,0.0,5.472826,,,,,,,0.0,0.49168998,,,,,,203070
BACQ,Inflection Point Acquisition Co,Financial Services,Shell Companies,10.61,0.451101824,8,0,0,0,2,2,4,,,0.0,0.0,,,,-34.00641,,,,0.01672,0.97579,0.0015,,,,,406050
BCAR,D. Boral ARC Acquisition I Corp,Financial Services,Shell Companies,10.23,0.421475968,8,0,0,0,4,0,4,,,0.0,0.0,,,,538.421,,,,0.0066799996,0.0,,,,,,503260
BCAT,BlackRock Capital Allocation Term Trust,Financial Services,Asset Management,14.75,1.545435264,8,0,0,0,4,0,4,,,0.0,0.0,9.768212,,,,,,,6.0000002e-05,0.19123,,,,,,666115
BSTZ,BlackRock Science and Technolog,Financial Services,Asset Management,22.89,1.613900928,8,0,0,0,0,4,4,,,0.0,0.0,3.6800644,,,,,,,0.00011,0.29129,0.0037,,,,,233195
BTX,BlackRock Technology and Privat,Financial Services,Asset Management,6.83,1.45709952,8,0,0,0,4,0,4,,,0.0,0.0,56.916668,,,,,,,1.0000001e-05,0.09613,,,,,,969878
CCIX,Churchill Capital Corp IX,Financial Services,Shell Companies,10.68,0.39155552,8,0,0,0,2,2,4,,-0.348,0.0,0.0,59.333332,,,-40.454548,,,,0.024600001,0.92938006,0.0002,,,,,263886
CEPT,"Cantor Equity Partners II, Inc.",Financial Services,Shell Companies,12.95,0.396011008,8,0,0,0,2,2,4,,,0.0,0.0,107.916664,,,-113.59649,,,,0.05628,0.82418,0.0019,,,,,479226
CHAC,Crane Harbor Acquisition Corp.,Financial Services,Shell Companies,10.63,0.318616512,8,0,0,0,2,2,4,,,0.0,0.0,,,,-39.225094,,,,0.0,0.0019,0.0014,,,,,560346
HLXC,Helix Acquisition Corp. III,Unknown,Unknown,10.23,0.219919408,8,0,0,0,4,0,4,,,,,,,,10229.999,,,,,,,,,,,1535600
LION,Lionsgate Studios Corp,Unknown,Unknown,9.49,2.749531136,8,0,0,0,2,2,4,,,,,,34.811634,,-2.1786041,,,,,,,9.83333,1.7,9.0,,2685428
PAXS,PIMCO Access Income Fund,Financial Services,Asset Management,15.94,0.726369856,8,0,0,0,2,2,4,,,0.0,0.0,7.930348,,,,,,,0.0,0.23665,,,,,,225173
PDI,PIMCO Dynamic Income Fund,Financial Services,Asset Management,18.24,7.619825152,8,0,0,0,4,0,4,,,0.0,0.0,7.7617025,,,,,,,1.0000001e-05,0.15144,,,,,,2930613
SMJF,SMJ International Holdings Inc.,Unknown,Unknown,5.44,0.1507152,8,0,0,0,4,0,4,,,,,181.33334,,,22.354492,,,,,,,,,,,665983
SVAC,Spring Valley Acquisition Corp.,Unknown,Unknown,10.93,0.335186688,8,0,0,0,4,0,4,,,,,,,,-41.245285,,,,,,,,,,,263705
EDD,Morgan Stanley Emerging Markets,Financial Services,Asset Management,5.89,0.379646112,7,0,0,0,0,3,4,,,0.0,0.0,5.556604,,,,,,,0.0,0.5931,,,,,,365046
ASGI,abrdn Global Infrastructure Inc,Financial Services,Asset Management,22.78,0.720355456,6,0,0,0,0,2,4,,,0.0,0.0,8.194245,,,,,,,0.0001,0.26193002,,,,,,207435
CEPO,"Cantor Equity Partners I, Inc.",Financial Services,Shell Companies,10.45,0.266474992,6,0,0,0,0,2,4,,,0.0,0.0,61.470585,,,-67.85714,,,,0.024389999,0.82171994,0.0008,,,,,219508
CRAN,CROWN ANDERSEN INC,Unknown,Unknown,9.9835,0.468226112,6,0,0,0,2,0,4,,,,,,,,-3327.8333,,,,,,,,,,,293091
EXG,Eaton Vance Tax-Managed Global ,Financial Services,Asset Management,9.71,2.970638848,6,0,0,0,0,2,4,,,0.0,0.0,7.087591,,,,,,,1.0000001e-05,0.22224002,,,,,,503003
GOF,Guggenheim Strategic Opportunit,Financial Services,Asset Management,12.86,2.56258432,6,0,0,0,2,0,4,,,0.0,0.0,7.7005987,,,,,,,0.0,0.18718,,,,,,1744748
MBAV,M3-Brigade Acquisition V Corp.,Financial Services,Shell Companies,10.72,0.385250016,6,0,0,0,0,2,4,,,0.0,0.0,,,,-21.832994,,,,0.0,1.4140899,0.0021,,,,,500130
SCII,SC II Acquisition Corp.,Unknown,Unknown,9.935,0.247360208,6,0,0,0,2,0,4,,,,,,,,-3311.6667,,,,,,,,,,,816114
AEXA,American Exceptionalism Acquisi,Unknown,Unknown,11.75,0.581163392,4,0,0,0,0,0,4,,,,,,,,-29.301746,,,,,,,,,,,261201
CAEP,"Cantor Equity Partners III, Inc",Financial Services,Shell Companies,10.23,0.358868384,4,0,0,0,0,0,4,,,0.0,0.0,127.875,,,-90.53097,,,,0.020580001,0.89799005,,,,,,285061
CRAC,Crown Reserve Acquisition Corp.,Unknown,Unknown,9.98,0.215193744,4,0,0,0,0,0,4,,,,,,,,1663.3333,,,,,,,,,,,229391
EMAT,Evolution Metals & Technologies,Basic Materials,Other Industrial Metals & Mining,7.05,4.183116288,4,0,0,0,0,0,4,,,0.0,0.0,,,,-0.054529425,,,,0.00377,0.0,,,,,-0.053,251306
FNGD,MicroSectors FANG  Index -3X In,Unknown,Unknown,5.59,3.64523904,4,0,0,0,0,0,4,,,,,34.88128,,,,,,,,,,,,,,29348438
HCAC,Hall Chadwick Acquisition Corp Class A Ordinary Shares,Unknown,Unknown,10.0,0.291972928,4,0,0,0,0,0,4,,,,,,,,10000.0,,,,,,,,,,,230750
HCACU,Hall Chadwick Acquisition Corp.,Unknown,Unknown,10.21,0.259585568,4,0,0,0,0,0,4,,,,,,,,10210.0,,,,,,,,,,,261926
PDO,Pimco Dynamic Income Opportunities Fund,Financial Services,Asset Management,13.96,1.921641344,4,0,0,0,0,0,4,,,0.0,0.0,7.6703296,,,,,,,7e-05,0.19597,,,,,,641346
XXI,"Twenty One Capital, Inc.",Financial Services,Shell Companies,7.6,2.633765888,4,0,0,0,0,0,4,,,0.0,0.0,,,,,,,,0.0,0.022179998,,,,,,1250736
